sen,sur,case
It is he [MASK] admired her.,3.4470994,NOM
It is he [MASK] admired her.,0.1567755,NOM
It is I [MASK] admired her.,2.127204,NOM
It is I [MASK] admired her.,0.49523023,NOM
It is they [MASK] admired her.,2.392454,NOM
It is they [MASK] admired her.,0.34455192,NOM
It is we [MASK] admired her.,2.5026932,NOM
It is we [MASK] admired her.,0.62034464,NOM
It was he [MASK] admired her.,2.8583465,NOM
It was he [MASK] admired her.,0.21660085,NOM
It was I [MASK] admired her.,2.2644408,NOM
It was I [MASK] admired her.,0.3432955,NOM
It was they [MASK] admired her.,2.7278938,NOM
It was they [MASK] admired her.,0.24089976,NOM
It was we [MASK] admired her.,2.6311927,NOM
It was we [MASK] admired her.,0.2694828,NOM
It is she [MASK] admired him.,3.3100796,NOM
It is she [MASK] admired him.,0.1705584,NOM
It was she [MASK] admired him.,3.418266,NOM
It was she [MASK] admired him.,0.14413749,NOM
It is he [MASK] advised her.,4.3191977,NOM
It is he [MASK] advised her.,0.08571424,NOM
It is I [MASK] advised her.,2.5435865,NOM
It is I [MASK] advised her.,1.0176421,NOM
It is they [MASK] advised her.,2.3489673,NOM
It is they [MASK] advised her.,0.42209166,NOM
It is we [MASK] advised her.,2.5700645,NOM
It is we [MASK] advised her.,1.1601661,NOM
It was he [MASK] advised her.,3.4193149,NOM
It was he [MASK] advised her.,0.14736553,NOM
It was I [MASK] advised her.,3.5747736,NOM
It was I [MASK] advised her.,0.13736454,NOM
It was they [MASK] advised her.,2.5102742,NOM
It was they [MASK] advised her.,0.29586703,NOM
It was we [MASK] advised her.,2.769857,NOM
It was we [MASK] advised her.,0.25332135,NOM
It is she [MASK] advised him.,4.0905,NOM
It is she [MASK] advised him.,0.108741105,NOM
It was she [MASK] advised him.,3.2368374,NOM
It was she [MASK] advised him.,0.17356914,NOM
It is he [MASK] avoided her.,3.7823246,NOM
It is he [MASK] avoided her.,0.13126089,NOM
It is I [MASK] avoided her.,2.358541,NOM
It is I [MASK] avoided her.,0.51998335,NOM
It is they [MASK] avoided her.,2.0912921,NOM
It is they [MASK] avoided her.,0.45911214,NOM
It is we [MASK] avoided her.,1.6123283,NOM
It is we [MASK] avoided her.,0.70493275,NOM
It was he [MASK] avoided her.,3.748504,NOM
It was he [MASK] avoided her.,0.11354065,NOM
It was I [MASK] avoided her.,3.206564,NOM
It was I [MASK] avoided her.,0.16970396,NOM
It was they [MASK] avoided her.,2.795029,NOM
It was they [MASK] avoided her.,0.2294097,NOM
It was we [MASK] avoided her.,2.021709,NOM
It was we [MASK] avoided her.,0.42494357,NOM
It is she [MASK] avoided him.,3.4194312,NOM
It is she [MASK] avoided him.,0.163922,NOM
It was she [MASK] avoided him.,3.960128,NOM
It was she [MASK] avoided him.,0.09849558,NOM
It is he [MASK] called her.,3.6660945,NOM
It is he [MASK] called her.,0.16584165,NOM
It is I [MASK] called her.,4.049308,NOM
It is I [MASK] called her.,0.2502219,NOM
It is they [MASK] called her.,2.8279495,NOM
It is they [MASK] called her.,0.87714356,NOM
It is we [MASK] called her.,4.0916796,NOM
It is we [MASK] called her.,1.1934087,NOM
It was he [MASK] called her.,3.5866284,NOM
It was he [MASK] called her.,0.14180495,NOM
It was I [MASK] called her.,4.051774,NOM
It was I [MASK] called her.,0.102295674,NOM
It was they [MASK] called her.,2.766933,NOM
It was they [MASK] called her.,0.30930927,NOM
It was we [MASK] called her.,3.2415352,NOM
It was we [MASK] called her.,0.2454406,NOM
It is she [MASK] called him.,3.4637492,NOM
It is she [MASK] called him.,0.20588869,NOM
It was she [MASK] called him.,3.779295,NOM
It was she [MASK] called him.,0.12892622,NOM
It is he [MASK] drew her.,2.395406,NOM
It is he [MASK] drew her.,0.3145303,NOM
It is I [MASK] drew her.,1.5586741,NOM
It is I [MASK] drew her.,0.6179168,NOM
It is they [MASK] drew her.,0.91288066,NOM
It is they [MASK] drew her.,1.167177,NOM
It is we [MASK] drew her.,0.77400523,NOM
It is we [MASK] drew her.,1.3821261,NOM
It was he [MASK] drew her.,1.7181151,NOM
It was he [MASK] drew her.,0.5294343,NOM
It was I [MASK] drew her.,1.2853065,NOM
It was I [MASK] drew her.,0.77257264,NOM
It was they [MASK] drew her.,0.7316055,NOM
It was they [MASK] drew her.,1.370602,NOM
It was we [MASK] drew her.,0.7044138,NOM
It was we [MASK] drew her.,1.4305755,NOM
It is she [MASK] drew him.,1.7393577,NOM
It is she [MASK] drew him.,0.53935635,NOM
It was she [MASK] drew him.,1.7148753,NOM
It was she [MASK] drew him.,0.533569,NOM
It is he [MASK] feared her.,2.6826172,NOM
It is he [MASK] feared her.,0.25385055,NOM
It is I [MASK] feared her.,2.2923927,NOM
It is I [MASK] feared her.,0.3760039,NOM
It is they [MASK] feared her.,1.8574979,NOM
It is they [MASK] feared her.,0.48951072,NOM
It is we [MASK] feared her.,1.9968771,NOM
It is we [MASK] feared her.,0.4749763,NOM
It was he [MASK] feared her.,2.843534,NOM
It was he [MASK] feared her.,0.21835214,NOM
It was I [MASK] feared her.,2.6928442,NOM
It was I [MASK] feared her.,0.24739517,NOM
It was they [MASK] feared her.,2.1998355,NOM
It was they [MASK] feared her.,0.35952058,NOM
It was we [MASK] feared her.,2.5395694,NOM
It was we [MASK] feared her.,0.28075334,NOM
It is she [MASK] feared him.,2.796859,NOM
It is she [MASK] feared him.,0.2368848,NOM
It was she [MASK] feared him.,3.462958,NOM
It was she [MASK] feared him.,0.13910598,NOM
It is he [MASK] found her.,3.6148858,NOM
It is he [MASK] found her.,0.12844543,NOM
It is I [MASK] found her.,2.624638,NOM
It is I [MASK] found her.,0.27976462,NOM
It is they [MASK] found her.,1.8096449,NOM
It is they [MASK] found her.,0.5352136,NOM
It is we [MASK] found her.,1.3352381,NOM
It is we [MASK] found her.,0.8182266,NOM
It was he [MASK] found her.,3.2759907,NOM
It was he [MASK] found her.,0.16046315,NOM
It was I [MASK] found her.,2.6452973,NOM
It was I [MASK] found her.,0.256318,NOM
It was they [MASK] found her.,2.0914745,NOM
It was they [MASK] found her.,0.39529216,NOM
It was we [MASK] found her.,1.5958533,NOM
It was we [MASK] found her.,0.59630954,NOM
It is she [MASK] found him.,3.1056538,NOM
It is she [MASK] found him.,0.18823658,NOM
It was she [MASK] found him.,2.806397,NOM
It was she [MASK] found him.,0.22858328,NOM
It is he [MASK] greeted her.,3.4729805,NOM
It is he [MASK] greeted her.,0.14318715,NOM
It is I [MASK] greeted her.,3.287103,NOM
It is I [MASK] greeted her.,0.16833517,NOM
It is they [MASK] greeted her.,1.8506345,NOM
It is they [MASK] greeted her.,0.49895263,NOM
It is we [MASK] greeted her.,2.175805,NOM
It is we [MASK] greeted her.,0.4351975,NOM
It was he [MASK] greeted her.,4.1539927,NOM
It was he [MASK] greeted her.,0.08522994,NOM
It was I [MASK] greeted her.,4.594872,NOM
It was I [MASK] greeted her.,0.06260337,NOM
It was they [MASK] greeted her.,2.5582485,NOM
It was they [MASK] greeted her.,0.2749835,NOM
It was we [MASK] greeted her.,3.6357224,NOM
It was we [MASK] greeted her.,0.12649214,NOM
It is she [MASK] greeted him.,2.8948293,NOM
It is she [MASK] greeted him.,0.22461568,NOM
It was she [MASK] greeted him.,3.7294626,NOM
It was she [MASK] greeted him.,0.11726423,NOM
It is they [MASK] hate her.,1.9665636,NOM
It is they [MASK] hate her.,0.47590873,NOM
It is we [MASK] hate her.,1.8180705,NOM
It is we [MASK] hate her.,0.6593478,NOM
It was they [MASK] hate her.,2.0316272,NOM
It was they [MASK] hate her.,0.8451354,NOM
It was we [MASK] hate her.,2.0872748,NOM
It was we [MASK] hate her.,1.9244719,NOM
It is he [MASK] hates her.,2.886377,NOM
It is he [MASK] hates her.,0.21143061,NOM
It is I [MASK] hates her.,3.0697403,NOM
It is I [MASK] hates her.,0.18507396,NOM
It was he [MASK] hates her.,2.66679,NOM
It was he [MASK] hates her.,0.25162256,NOM
It was I [MASK] hates her.,2.6632729,NOM
It was I [MASK] hates her.,0.2538924,NOM
It is she [MASK] hates him.,2.74696,NOM
It is she [MASK] hates him.,0.23546001,NOM
It was she [MASK] hates him.,2.5545,NOM
It was she [MASK] hates him.,0.27398124,NOM
It is she [MASK] he admired.,0.3513036,NOM
It is she [MASK] he admired.,4.9383216,NOM
It was she [MASK] he admired.,0.10467712,NOM
It was she [MASK] he admired.,5.8519244,NOM
It is she [MASK] he advised.,7.619237,NOM
It is she [MASK] he advised.,10.623099,NOM
It was she [MASK] he advised.,5.4185066,NOM
It was she [MASK] he advised.,8.817046,NOM
It is she [MASK] he avoided.,0.9263711,NOM
It is she [MASK] he avoided.,2.7261503,NOM
It was she [MASK] he avoided.,0.548951,NOM
It was she [MASK] he avoided.,2.9729626,NOM
It is she [MASK] he called.,2.8833861,NOM
It is she [MASK] he called.,4.653078,NOM
It was she [MASK] he called.,1.5246556,NOM
It was she [MASK] he called.,3.2714944,NOM
It is she [MASK] he drew.,0.45534348,NOM
It is she [MASK] he drew.,4.412462,NOM
It was she [MASK] he drew.,0.25879484,NOM
It was she [MASK] he drew.,4.7885785,NOM
It is she [MASK] he feared.,0.5165456,NOM
It is she [MASK] he feared.,3.9471054,NOM
It was she [MASK] he feared.,0.41900808,NOM
It was she [MASK] he feared.,3.7618349,NOM
It is she [MASK] he found.,0.604538,NOM
It is she [MASK] he found.,2.885837,NOM
It was she [MASK] he found.,0.3180856,NOM
It was she [MASK] he found.,3.9221168,NOM
It is she [MASK] he greeted.,5.0363984,NOM
It is she [MASK] he greeted.,6.204141,NOM
It was she [MASK] he greeted.,2.0716453,NOM
It was she [MASK] he greeted.,1.2594442,NOM
It is she [MASK] he hates.,0.34210044,NOM
It is she [MASK] he hates.,3.3594797,NOM
It was she [MASK] he hates.,0.3213831,NOM
It was she [MASK] he hates.,2.9171984,NOM
It is she [MASK] he heard.,4.893451,NOM
It is she [MASK] he heard.,9.357358,NOM
It was she [MASK] he heard.,0.82213664,NOM
It was she [MASK] he heard.,5.460747,NOM
It is she [MASK] he hit.,2.2587693,NOM
It is she [MASK] he hit.,2.82622,NOM
It was she [MASK] he hit.,1.9859967,NOM
It was she [MASK] he hit.,2.466417,NOM
It is she [MASK] he hurt.,2.5276203,NOM
It is she [MASK] he hurt.,2.8592784,NOM
It was she [MASK] he hurt.,2.3423464,NOM
It was she [MASK] he hurt.,2.1141691,NOM
It is she [MASK] he injured.,2.634675,NOM
It is she [MASK] he injured.,1.5367186,NOM
It was she [MASK] he injured.,2.0599594,NOM
It was she [MASK] he injured.,1.6998402,NOM
It is she [MASK] he likes.,0.35574684,NOM
It is she [MASK] he likes.,4.6842103,NOM
It was she [MASK] he likes.,0.2472041,NOM
It was she [MASK] he likes.,4.709112,NOM
It is she [MASK] he loves.,0.4347045,NOM
It is she [MASK] he loves.,3.756186,NOM
It was she [MASK] he loves.,0.24402231,NOM
It was she [MASK] he loves.,3.7818666,NOM
It is she [MASK] he missed.,0.32823306,NOM
It is she [MASK] he missed.,4.2533135,NOM
It was she [MASK] he missed.,0.17685962,NOM
It was she [MASK] he missed.,4.4631004,NOM
It is she [MASK] he needed.,0.20766723,NOM
It is she [MASK] he needed.,5.553778,NOM
It was she [MASK] he needed.,0.030677952,NOM
It was she [MASK] he needed.,7.182864,NOM
It is she [MASK] he noticed.,3.3582828,NOM
It is she [MASK] he noticed.,6.9776187,NOM
It was she [MASK] he noticed.,0.90385205,NOM
It was she [MASK] he noticed.,3.7465189,NOM
It is she [MASK] he painted.,1.2322162,NOM
It is she [MASK] he painted.,3.2528143,NOM
It was she [MASK] he painted.,0.523371,NOM
It was she [MASK] he painted.,3.7646868,NOM
It is she [MASK] he praised.,0.9113803,NOM
It is she [MASK] he praised.,2.8720279,NOM
It was she [MASK] he praised.,0.4869181,NOM
It was she [MASK] he praised.,3.0522456,NOM
It is she [MASK] he pressed.,8.20358,NOM
It is she [MASK] he pressed.,9.817533,NOM
It was she [MASK] he pressed.,1.4942156,NOM
It was she [MASK] he pressed.,2.196964,NOM
It is she [MASK] he pulled.,0.74000293,NOM
It is she [MASK] he pulled.,3.3087907,NOM
It was she [MASK] he pulled.,0.7365911,NOM
It was she [MASK] he pulled.,2.8991451,NOM
It is she [MASK] he pushed.,1.5187384,NOM
It is she [MASK] he pushed.,3.8848042,NOM
It was she [MASK] he pushed.,1.1212721,NOM
It was she [MASK] he pushed.,2.2901897,NOM
It is she [MASK] he respected.,0.7073644,NOM
It is she [MASK] he respected.,3.5394797,NOM
It was she [MASK] he respected.,0.28948507,NOM
It was she [MASK] he respected.,4.229646,NOM
It is she [MASK] he saw.,0.798802,NOM
It is she [MASK] he saw.,4.369371,NOM
It was she [MASK] he saw.,0.33674476,NOM
It was she [MASK] he saw.,4.9974346,NOM
It is she [MASK] he sent.,10.362725,NOM
It is she [MASK] he sent.,13.783173,NOM
It was she [MASK] he sent.,5.5206213,NOM
It was she [MASK] he sent.,8.260898,NOM
It is she [MASK] he stroke.,1.6302291,NOM
It is she [MASK] he stroke.,3.715921,NOM
It was she [MASK] he stroke.,1.7755566,NOM
It was she [MASK] he stroke.,5.1258426,NOM
It is she [MASK] he taught.,1.396102,NOM
It is she [MASK] he taught.,2.806343,NOM
It was she [MASK] he taught.,0.48603863,NOM
It was she [MASK] he taught.,4.06042,NOM
It is she [MASK] he told.,4.7175922,NOM
It is she [MASK] he told.,7.5971284,NOM
It was she [MASK] he told.,2.5657833,NOM
It was she [MASK] he told.,4.687807,NOM
It is she [MASK] he trusted.,1.3851864,NOM
It is she [MASK] he trusted.,2.9166577,NOM
It was she [MASK] he trusted.,0.68290377,NOM
It was she [MASK] he trusted.,2.9523826,NOM
It is she [MASK] he valued.,0.21378492,NOM
It is she [MASK] he valued.,4.9750834,NOM
It was she [MASK] he valued.,0.06186536,NOM
It was she [MASK] he valued.,6.1957297,NOM
It is she [MASK] he wanted.,0.19281667,NOM
It is she [MASK] he wanted.,5.0919666,NOM
It was she [MASK] he wanted.,0.038139854,NOM
It was she [MASK] he wanted.,6.4104466,NOM
It is he [MASK] heard her.,2.9266284,NOM
It is he [MASK] heard her.,0.33151206,NOM
It is I [MASK] heard her.,2.5522118,NOM
It is I [MASK] heard her.,2.8233142,NOM
It is they [MASK] heard her.,1.9121826,NOM
It is they [MASK] heard her.,1.2457539,NOM
It is we [MASK] heard her.,2.7050524,NOM
It is we [MASK] heard her.,2.3393362,NOM
It was he [MASK] heard her.,2.697614,NOM
It was he [MASK] heard her.,0.2488356,NOM
It was I [MASK] heard her.,1.6901038,NOM
It was I [MASK] heard her.,0.5516461,NOM
It was they [MASK] heard her.,1.6096709,NOM
It was they [MASK] heard her.,0.6011908,NOM
It was we [MASK] heard her.,1.6765164,NOM
It was we [MASK] heard her.,0.5726272,NOM
It is she [MASK] heard him.,2.428228,NOM
It is she [MASK] heard him.,0.4978341,NOM
It was she [MASK] heard him.,2.4039662,NOM
It was she [MASK] heard him.,0.31658673,NOM
It is he [MASK] hit her.,1.977663,NOM
It is he [MASK] hit her.,0.44571316,NOM
It is I [MASK] hit her.,1.7101531,NOM
It is I [MASK] hit her.,0.6873199,NOM
It is they [MASK] hit her.,1.0928674,NOM
It is they [MASK] hit her.,0.9981132,NOM
It is we [MASK] hit her.,1.469811,NOM
It is we [MASK] hit her.,1.2557683,NOM
It was he [MASK] hit her.,2.118492,NOM
It was he [MASK] hit her.,0.3832007,NOM
It was I [MASK] hit her.,1.9935416,NOM
It was I [MASK] hit her.,0.42392203,NOM
It was they [MASK] hit her.,1.2889601,NOM
It was they [MASK] hit her.,0.7779295,NOM
It was we [MASK] hit her.,1.2961692,NOM
It was we [MASK] hit her.,0.7920439,NOM
It is she [MASK] hit him.,1.8104558,NOM
It is she [MASK] hit him.,0.5141318,NOM
It was she [MASK] hit him.,2.0425537,NOM
It was she [MASK] hit him.,0.40900904,NOM
It is he [MASK] hurt her.,2.6274242,NOM
It is he [MASK] hurt her.,0.27264756,NOM
It is I [MASK] hurt her.,1.9578303,NOM
It is I [MASK] hurt her.,0.5135861,NOM
It is they [MASK] hurt her.,1.638389,NOM
It is they [MASK] hurt her.,0.59672725,NOM
It is we [MASK] hurt her.,1.6511637,NOM
It is we [MASK] hurt her.,0.72445536,NOM
It was he [MASK] hurt her.,2.501857,NOM
It was he [MASK] hurt her.,0.2871994,NOM
It was I [MASK] hurt her.,1.6176218,NOM
It was I [MASK] hurt her.,0.5932491,NOM
It was they [MASK] hurt her.,1.841158,NOM
It was they [MASK] hurt her.,0.48452178,NOM
It was we [MASK] hurt her.,1.3908062,NOM
It was we [MASK] hurt her.,0.74019444,NOM
It is she [MASK] hurt him.,2.464445,NOM
It is she [MASK] hurt him.,0.32033467,NOM
It was she [MASK] hurt him.,2.315583,NOM
It was she [MASK] hurt him.,0.3361109,NOM
It is he [MASK] injured her.,3.1994152,NOM
It is he [MASK] injured her.,0.17730169,NOM
It is I [MASK] injured her.,1.9517132,NOM
It is I [MASK] injured her.,0.48341328,NOM
It is they [MASK] injured her.,1.427683,NOM
It is they [MASK] injured her.,0.7326268,NOM
It is we [MASK] injured her.,1.1696174,NOM
It is we [MASK] injured her.,1.0858055,NOM
It was he [MASK] injured her.,2.2368329,NOM
It was he [MASK] injured her.,0.34990397,NOM
It was I [MASK] injured her.,1.6564847,NOM
It was I [MASK] injured her.,0.5610404,NOM
It was they [MASK] injured her.,1.3809316,NOM
It was they [MASK] injured her.,0.7177321,NOM
It was we [MASK] injured her.,1.1914634,NOM
It was we [MASK] injured her.,0.8538779,NOM
It is she [MASK] injured him.,2.365761,NOM
It is she [MASK] injured him.,0.3339197,NOM
It was she [MASK] injured him.,1.6513546,NOM
It was she [MASK] injured him.,0.56587297,NOM
It is they [MASK] like her.,5.629084,NOM
It is they [MASK] like her.,4.365304,NOM
It is we [MASK] like her.,3.9971094,NOM
It is we [MASK] like her.,3.7399838,NOM
It was they [MASK] like her.,7.86051,NOM
It was they [MASK] like her.,6.401061,NOM
It was we [MASK] like her.,4.627191,NOM
It was we [MASK] like her.,4.7513885,NOM
It is he [MASK] likes her.,3.395399,NOM
It is he [MASK] likes her.,0.14678726,NOM
It is I [MASK] likes her.,2.4780645,NOM
It is I [MASK] likes her.,0.307433,NOM
It was he [MASK] likes her.,3.1624467,NOM
It was he [MASK] likes her.,0.17613465,NOM
It was I [MASK] likes her.,2.6806846,NOM
It was I [MASK] likes her.,0.2581468,NOM
It is she [MASK] likes him.,3.1655781,NOM
It is she [MASK] likes him.,0.17435698,NOM
It was she [MASK] likes him.,2.9491453,NOM
It was she [MASK] likes him.,0.20754509,NOM
It is they [MASK] love her.,1.9801667,NOM
It is they [MASK] love her.,0.47496888,NOM
It is we [MASK] love her.,1.6767038,NOM
It is we [MASK] love her.,0.6111311,NOM
It was they [MASK] love her.,1.916525,NOM
It was they [MASK] love her.,1.0050981,NOM
It was we [MASK] love her.,1.5307796,NOM
It was we [MASK] love her.,1.6310235,NOM
It is he [MASK] loves her.,3.707806,NOM
It is he [MASK] loves her.,0.117128804,NOM
It is I [MASK] loves her.,2.998593,NOM
It is I [MASK] loves her.,0.1959268,NOM
It was he [MASK] loves her.,3.2698402,NOM
It was he [MASK] loves her.,0.1607693,NOM
It was I [MASK] loves her.,2.8114882,NOM
It was I [MASK] loves her.,0.2256945,NOM
It is she [MASK] loves him.,3.2663188,NOM
It is she [MASK] loves him.,0.16282588,NOM
It was she [MASK] loves him.,2.7806833,NOM
It was she [MASK] loves him.,0.2312621,NOM
It is he [MASK] missed her.,3.3069732,NOM
It is he [MASK] missed her.,0.19505318,NOM
It is I [MASK] missed her.,2.411522,NOM
It is I [MASK] missed her.,1.6494048,NOM
It is they [MASK] missed her.,2.4345732,NOM
It is they [MASK] missed her.,0.49165222,NOM
It is we [MASK] missed her.,2.4482353,NOM
It is we [MASK] missed her.,1.2862751,NOM
It was he [MASK] missed her.,3.3124971,NOM
It was he [MASK] missed her.,0.15871371,NOM
It was I [MASK] missed her.,1.6750026,NOM
It was I [MASK] missed her.,0.5723943,NOM
It was they [MASK] missed her.,2.8743289,NOM
It was they [MASK] missed her.,0.2247036,NOM
It was we [MASK] missed her.,1.9335645,NOM
It was we [MASK] missed her.,0.4786574,NOM
It is she [MASK] missed him.,3.021264,NOM
It is she [MASK] missed him.,0.23766014,NOM
It was she [MASK] missed him.,3.2964349,NOM
It was she [MASK] missed him.,0.16265792,NOM
It is he [MASK] needed her.,3.4614122,NOM
It is he [MASK] needed her.,0.14692673,NOM
It is I [MASK] needed her.,2.9123647,NOM
It is I [MASK] needed her.,0.345763,NOM
It is they [MASK] needed her.,2.3150659,NOM
It is they [MASK] needed her.,0.3639391,NOM
It is we [MASK] needed her.,2.2349164,NOM
It is we [MASK] needed her.,0.4272949,NOM
It was he [MASK] needed her.,3.9746535,NOM
It was he [MASK] needed her.,0.095744565,NOM
It was I [MASK] needed her.,2.578496,NOM
It was I [MASK] needed her.,0.26709986,NOM
It was they [MASK] needed her.,2.8961394,NOM
It was they [MASK] needed her.,0.21242858,NOM
It was we [MASK] needed her.,1.8904588,NOM
It was we [MASK] needed her.,0.46366313,NOM
It is she [MASK] needed him.,2.8975677,NOM
It is she [MASK] needed him.,0.21889137,NOM
It was she [MASK] needed him.,3.555359,NOM
It was she [MASK] needed him.,0.12983887,NOM
It is he [MASK] noticed her.,3.4654348,NOM
It is he [MASK] noticed her.,0.17608471,NOM
It is I [MASK] noticed her.,3.8680782,NOM
It is I [MASK] noticed her.,1.9962493,NOM
It is they [MASK] noticed her.,1.7546996,NOM
It is they [MASK] noticed her.,0.6821346,NOM
It is we [MASK] noticed her.,2.7906854,NOM
It is we [MASK] noticed her.,1.0371517,NOM
It was he [MASK] noticed her.,3.5251431,NOM
It was he [MASK] noticed her.,0.13323374,NOM
It was I [MASK] noticed her.,3.3354187,NOM
It was I [MASK] noticed her.,0.15459676,NOM
It was they [MASK] noticed her.,1.9109999,NOM
It was they [MASK] noticed her.,0.4561024,NOM
It was we [MASK] noticed her.,2.3888958,NOM
It was we [MASK] noticed her.,0.3172067,NOM
It is she [MASK] noticed him.,3.1051424,NOM
It is she [MASK] noticed him.,0.23011939,NOM
It was she [MASK] noticed him.,3.5938022,NOM
It was she [MASK] noticed him.,0.12748104,NOM
It is he [MASK] painted her.,4.3483624,NOM
It is he [MASK] painted her.,0.07659561,NOM
It is I [MASK] painted her.,3.3102999,NOM
It is I [MASK] painted her.,0.16750127,NOM
It is they [MASK] painted her.,2.835089,NOM
It is they [MASK] painted her.,0.24610071,NOM
It is we [MASK] painted her.,3.3538556,NOM
It is we [MASK] painted her.,0.19971563,NOM
It was he [MASK] painted her.,3.2822654,NOM
It was he [MASK] painted her.,0.16007435,NOM
It was I [MASK] painted her.,2.7573721,NOM
It was I [MASK] painted her.,0.23512942,NOM
It was they [MASK] painted her.,2.820884,NOM
It was they [MASK] painted her.,0.23417419,NOM
It was we [MASK] painted her.,2.986205,NOM
It was we [MASK] painted her.,0.20402378,NOM
It is she [MASK] painted him.,3.613406,NOM
It is she [MASK] painted him.,0.13206835,NOM
It was she [MASK] painted him.,3.0652235,NOM
It was she [MASK] painted him.,0.18842432,NOM
It is he [MASK] praised her.,4.072534,NOM
It is he [MASK] praised her.,0.09492622,NOM
It is I [MASK] praised her.,2.842956,NOM
It is I [MASK] praised her.,0.23184253,NOM
It is they [MASK] praised her.,2.173606,NOM
It is they [MASK] praised her.,0.3842571,NOM
It is we [MASK] praised her.,2.2555022,NOM
It is we [MASK] praised her.,0.39845827,NOM
It was he [MASK] praised her.,3.5873752,NOM
It was he [MASK] praised her.,0.12700984,NOM
It was I [MASK] praised her.,3.39938,NOM
It was I [MASK] praised her.,0.14605972,NOM
It was they [MASK] praised her.,2.5949647,NOM
It was they [MASK] praised her.,0.26580775,NOM
It was we [MASK] praised her.,2.8456738,NOM
It was we [MASK] praised her.,0.22448325,NOM
It is she [MASK] praised him.,3.657619,NOM
It is she [MASK] praised him.,0.13029999,NOM
It was she [MASK] praised him.,3.7875414,NOM
It was she [MASK] praised him.,0.11085758,NOM
It is he [MASK] pressed her.,2.9416466,NOM
It is he [MASK] pressed her.,0.2242533,NOM
It is I [MASK] pressed her.,1.7362833,NOM
It is I [MASK] pressed her.,0.57098675,NOM
It is they [MASK] pressed her.,1.3104432,NOM
It is they [MASK] pressed her.,0.894874,NOM
It is we [MASK] pressed her.,1.2766035,NOM
It is we [MASK] pressed her.,0.97206634,NOM
It was he [MASK] pressed her.,2.9298775,NOM
It was he [MASK] pressed her.,0.2068073,NOM
It was I [MASK] pressed her.,2.3007948,NOM
It was I [MASK] pressed her.,0.3331455,NOM
It was they [MASK] pressed her.,1.6373088,NOM
It was they [MASK] pressed her.,0.580737,NOM
It was we [MASK] pressed her.,1.9891381,NOM
It was we [MASK] pressed her.,0.43437248,NOM
It is she [MASK] pressed him.,2.7862308,NOM
It is she [MASK] pressed him.,0.25943133,NOM
It was she [MASK] pressed him.,3.2282822,NOM
It was she [MASK] pressed him.,0.16886646,NOM
It is he [MASK] pulled her.,2.112268,NOM
It is he [MASK] pulled her.,0.3918265,NOM
It is I [MASK] pulled her.,1.4406788,NOM
It is I [MASK] pulled her.,0.70557404,NOM
It is they [MASK] pulled her.,0.83480287,NOM
It is they [MASK] pulled her.,1.2710445,NOM
It is we [MASK] pulled her.,0.82145154,NOM
It is we [MASK] pulled her.,1.2852461,NOM
It was he [MASK] pulled her.,1.8415835,NOM
It was he [MASK] pulled her.,0.47565615,NOM
It was I [MASK] pulled her.,1.3860226,NOM
It was I [MASK] pulled her.,0.70120823,NOM
It was they [MASK] pulled her.,0.86396044,NOM
It was they [MASK] pulled her.,1.170435,NOM
It was we [MASK] pulled her.,0.8006651,NOM
It was we [MASK] pulled her.,1.2511302,NOM
It is she [MASK] pulled him.,1.5936655,NOM
It is she [MASK] pulled him.,0.6086851,NOM
It was she [MASK] pulled him.,1.5255545,NOM
It was she [MASK] pulled him.,0.62479615,NOM
It is he [MASK] pushed her.,2.7435918,NOM
It is he [MASK] pushed her.,0.2443248,NOM
It is I [MASK] pushed her.,2.2063723,NOM
It is I [MASK] pushed her.,0.38135964,NOM
It is they [MASK] pushed her.,1.6334094,NOM
It is they [MASK] pushed her.,0.6021037,NOM
It is we [MASK] pushed her.,1.5649834,NOM
It is we [MASK] pushed her.,0.6524119,NOM
It was he [MASK] pushed her.,2.586681,NOM
It was he [MASK] pushed her.,0.26520398,NOM
It was I [MASK] pushed her.,2.0431077,NOM
It was I [MASK] pushed her.,0.4042409,NOM
It was they [MASK] pushed her.,1.8846161,NOM
It was they [MASK] pushed her.,0.46480995,NOM
It was we [MASK] pushed her.,1.4500698,NOM
It was we [MASK] pushed her.,0.66952443,NOM
It is she [MASK] pushed him.,2.3890796,NOM
It is she [MASK] pushed him.,0.32523555,NOM
It was she [MASK] pushed him.,2.7397602,NOM
It was she [MASK] pushed him.,0.23774825,NOM
It is he [MASK] respected her.,3.3248916,NOM
It is he [MASK] respected her.,0.1621774,NOM
It is I [MASK] respected her.,2.4841385,NOM
It is I [MASK] respected her.,0.32725194,NOM
It is they [MASK] respected her.,2.1537485,NOM
It is they [MASK] respected her.,0.39273155,NOM
It is we [MASK] respected her.,1.9638358,NOM
It is we [MASK] respected her.,0.49569973,NOM
It was he [MASK] respected her.,3.1210027,NOM
It was he [MASK] respected her.,0.17836292,NOM
It was I [MASK] respected her.,2.517646,NOM
It was I [MASK] respected her.,0.28367388,NOM
It was they [MASK] respected her.,2.7471597,NOM
It was they [MASK] respected her.,0.23657759,NOM
It was we [MASK] respected her.,2.3952122,NOM
It was we [MASK] respected her.,0.3143955,NOM
It is she [MASK] respected him.,3.116527,NOM
It is she [MASK] respected him.,0.18901373,NOM
It was she [MASK] respected him.,3.4303186,NOM
It was she [MASK] respected him.,0.14317566,NOM
It is he [MASK] saw her.,3.329101,NOM
It is he [MASK] saw her.,0.15862435,NOM
It is I [MASK] saw her.,2.6357548,NOM
It is I [MASK] saw her.,0.4384109,NOM
It is they [MASK] saw her.,2.1461196,NOM
It is they [MASK] saw her.,0.4067393,NOM
It is we [MASK] saw her.,1.9911219,NOM
It is we [MASK] saw her.,0.6228045,NOM
It was he [MASK] saw her.,3.270338,NOM
It was he [MASK] saw her.,0.16034274,NOM
It was I [MASK] saw her.,2.7967036,NOM
It was I [MASK] saw her.,0.23032627,NOM
It was they [MASK] saw her.,2.1400402,NOM
It was they [MASK] saw her.,0.37955967,NOM
It was we [MASK] saw her.,2.024752,NOM
It was we [MASK] saw her.,0.42864406,NOM
It is she [MASK] saw him.,2.9695618,NOM
It is she [MASK] saw him.,0.20849049,NOM
It was she [MASK] saw him.,3.1204252,NOM
It was she [MASK] saw him.,0.18025796,NOM
It is he [MASK] sent her.,3.6534765,NOM
It is he [MASK] sent her.,0.12346909,NOM
It is I [MASK] sent her.,3.6131876,NOM
It is I [MASK] sent her.,0.13282149,NOM
It is they [MASK] sent her.,2.206467,NOM
It is they [MASK] sent her.,0.37286624,NOM
It is we [MASK] sent her.,2.6953197,NOM
It is we [MASK] sent her.,0.30305898,NOM
It was he [MASK] sent her.,3.518232,NOM
It was he [MASK] sent her.,0.13486011,NOM
It was I [MASK] sent her.,3.1350267,NOM
It was I [MASK] sent her.,0.18112287,NOM
It was they [MASK] sent her.,2.4370222,NOM
It was they [MASK] sent her.,0.3027919,NOM
It was we [MASK] sent her.,2.8732948,NOM
It was we [MASK] sent her.,0.22627823,NOM
It is she [MASK] sent him.,3.0875866,NOM
It is she [MASK] sent him.,0.18859884,NOM
It was she [MASK] sent him.,2.9892905,NOM
It was she [MASK] sent him.,0.20049445,NOM
It is he [MASK] she admired.,0.58295876,NOM
It is he [MASK] she admired.,3.6201518,NOM
It is I [MASK] she admired.,0.96518695,NOM
It is I [MASK] she admired.,4.5365868,NOM
It is they [MASK] she admired.,0.28887552,NOM
It is they [MASK] she admired.,5.553501,NOM
It is we [MASK] she admired.,0.9293775,NOM
It is we [MASK] she admired.,4.4622555,NOM
It was he [MASK] she admired.,0.19834688,NOM
It was he [MASK] she admired.,4.7166862,NOM
It was I [MASK] she admired.,0.1509317,NOM
It was I [MASK] she admired.,5.4611754,NOM
It was they [MASK] she admired.,0.11081116,NOM
It was they [MASK] she admired.,5.4910173,NOM
It was we [MASK] she admired.,0.7081156,NOM
It was we [MASK] she admired.,4.499706,NOM
It is he [MASK] she advised.,7.050792,NOM
It is he [MASK] she advised.,10.1240225,NOM
It is I [MASK] she advised.,7.7634244,NOM
It is I [MASK] she advised.,11.035377,NOM
It is they [MASK] she advised.,7.1784396,NOM
It is they [MASK] she advised.,12.600497,NOM
It is we [MASK] she advised.,6.032926,NOM
It is we [MASK] she advised.,11.130257,NOM
It was he [MASK] she advised.,5.204105,NOM
It was he [MASK] she advised.,8.615933,NOM
It was I [MASK] she advised.,5.8284855,NOM
It was I [MASK] she advised.,9.615112,NOM
It was they [MASK] she advised.,4.898985,NOM
It was they [MASK] she advised.,9.825825,NOM
It was we [MASK] she advised.,7.3282166,NOM
It was we [MASK] she advised.,11.658707,NOM
It is he [MASK] she avoided.,1.0131601,NOM
It is he [MASK] she avoided.,2.4508512,NOM
It is I [MASK] she avoided.,0.85487187,NOM
It is I [MASK] she avoided.,4.321307,NOM
It is they [MASK] she avoided.,0.22327521,NOM
It is they [MASK] she avoided.,5.0513525,NOM
It is we [MASK] she avoided.,0.48349994,NOM
It is we [MASK] she avoided.,4.821877,NOM
It was he [MASK] she avoided.,0.8316272,NOM
It was he [MASK] she avoided.,2.32752,NOM
It was I [MASK] she avoided.,0.35648847,NOM
It was I [MASK] she avoided.,3.8561168,NOM
It was they [MASK] she avoided.,0.16495155,NOM
It was they [MASK] she avoided.,4.506194,NOM
It was we [MASK] she avoided.,0.38015783,NOM
It was we [MASK] she avoided.,4.391013,NOM
It is he [MASK] she called.,2.5375462,NOM
It is he [MASK] she called.,3.6280882,NOM
It is I [MASK] she called.,2.464388,NOM
It is I [MASK] she called.,5.4599543,NOM
It is they [MASK] she called.,2.5593483,NOM
It is they [MASK] she called.,7.1055036,NOM
It is we [MASK] she called.,1.9755256,NOM
It is we [MASK] she called.,7.0223017,NOM
It was he [MASK] she called.,1.2910302,NOM
It was he [MASK] she called.,3.3000627,NOM
It was I [MASK] she called.,1.3220205,NOM
It was I [MASK] she called.,4.7910705,NOM
It was they [MASK] she called.,0.51117355,NOM
It was they [MASK] she called.,4.217434,NOM
It was we [MASK] she called.,1.20858,NOM
It was we [MASK] she called.,5.6894283,NOM
It is he [MASK] she drew.,0.40693435,NOM
It is he [MASK] she drew.,4.427798,NOM
It is I [MASK] she drew.,0.44608095,NOM
It is I [MASK] she drew.,5.8100953,NOM
It is they [MASK] she drew.,0.44471693,NOM
It is they [MASK] she drew.,7.3443375,NOM
It is we [MASK] she drew.,0.9918359,NOM
It is we [MASK] she drew.,6.710154,NOM
It was he [MASK] she drew.,0.19752672,NOM
It was he [MASK] she drew.,5.101879,NOM
It was I [MASK] she drew.,0.14712526,NOM
It was I [MASK] she drew.,6.1923256,NOM
It was they [MASK] she drew.,0.09557457,NOM
It was they [MASK] she drew.,6.9221816,NOM
It was we [MASK] she drew.,0.54343975,NOM
It was we [MASK] she drew.,5.964204,NOM
It is he [MASK] she feared.,0.47276092,NOM
It is he [MASK] she feared.,4.0982943,NOM
It is I [MASK] she feared.,1.5602696,NOM
It is I [MASK] she feared.,4.843878,NOM
It is they [MASK] she feared.,0.9686981,NOM
It is they [MASK] she feared.,6.05581,NOM
It is we [MASK] she feared.,3.393406,NOM
It is we [MASK] she feared.,8.676564,NOM
It was he [MASK] she feared.,0.38086274,NOM
It was he [MASK] she feared.,3.5489304,NOM
It was I [MASK] she feared.,0.71688986,NOM
It was I [MASK] she feared.,3.1811604,NOM
It was they [MASK] she feared.,0.27827173,NOM
It was they [MASK] she feared.,4.284148,NOM
It was we [MASK] she feared.,0.47079015,NOM
It was we [MASK] she feared.,4.0100555,NOM
It is he [MASK] she found.,0.9736707,NOM
It is he [MASK] she found.,2.5184395,NOM
It is I [MASK] she found.,0.6658689,NOM
It is I [MASK] she found.,4.3517923,NOM
It is they [MASK] she found.,0.20375457,NOM
It is they [MASK] she found.,5.255064,NOM
It is we [MASK] she found.,0.4974311,NOM
It is we [MASK] she found.,4.862746,NOM
It was he [MASK] she found.,0.45379472,NOM
It was he [MASK] she found.,3.775282,NOM
It was I [MASK] she found.,0.22967093,NOM
It was I [MASK] she found.,4.708092,NOM
It was they [MASK] she found.,0.14088783,NOM
It was they [MASK] she found.,5.3191695,NOM
It was we [MASK] she found.,0.2785192,NOM
It was we [MASK] she found.,4.954579,NOM
It is he [MASK] she greeted.,3.6014428,NOM
It is he [MASK] she greeted.,4.823951,NOM
It is I [MASK] she greeted.,4.375791,NOM
It is I [MASK] she greeted.,5.9134774,NOM
It is they [MASK] she greeted.,5.295771,NOM
It is they [MASK] she greeted.,9.174538,NOM
It is we [MASK] she greeted.,5.2602186,NOM
It is we [MASK] she greeted.,8.785558,NOM
It was he [MASK] she greeted.,1.5502207,NOM
It was he [MASK] she greeted.,1.4703108,NOM
It was I [MASK] she greeted.,1.5907025,NOM
It was I [MASK] she greeted.,1.3063835,NOM
It was they [MASK] she greeted.,0.8860301,NOM
It was they [MASK] she greeted.,2.1768246,NOM
It was we [MASK] she greeted.,1.1426597,NOM
It was we [MASK] she greeted.,2.2280862,NOM
It is he [MASK] she hates.,0.5769585,NOM
It is he [MASK] she hates.,2.4582272,NOM
It is I [MASK] she hates.,0.6297569,NOM
It is I [MASK] she hates.,3.876909,NOM
It is they [MASK] she hates.,0.18146063,NOM
It is they [MASK] she hates.,5.0537677,NOM
It is we [MASK] she hates.,0.87656516,NOM
It is we [MASK] she hates.,4.396916,NOM
It was he [MASK] she hates.,0.41838276,NOM
It was he [MASK] she hates.,2.5042145,NOM
It was I [MASK] she hates.,0.50562096,NOM
It was I [MASK] she hates.,3.018981,NOM
It was they [MASK] she hates.,0.20333126,NOM
It was they [MASK] she hates.,4.0500107,NOM
It was we [MASK] she hates.,1.0132383,NOM
It was we [MASK] she hates.,4.3750134,NOM
It is he [MASK] she heard.,3.980378,NOM
It is he [MASK] she heard.,8.142797,NOM
It is I [MASK] she heard.,2.7590706,NOM
It is I [MASK] she heard.,5.9177833,NOM
It is they [MASK] she heard.,4.6845303,NOM
It is they [MASK] she heard.,10.914503,NOM
It is we [MASK] she heard.,2.1241689,NOM
It is we [MASK] she heard.,6.260534,NOM
It was he [MASK] she heard.,0.61651313,NOM
It was he [MASK] she heard.,5.260413,NOM
It was I [MASK] she heard.,0.40161783,NOM
It was I [MASK] she heard.,5.3150754,NOM
It was they [MASK] she heard.,0.60343325,NOM
It was they [MASK] she heard.,6.932764,NOM
It was we [MASK] she heard.,0.7294878,NOM
It was we [MASK] she heard.,4.431156,NOM
It is he [MASK] she hit.,1.9891813,NOM
It is he [MASK] she hit.,2.3932786,NOM
It is I [MASK] she hit.,3.3271003,NOM
It is I [MASK] she hit.,5.289972,NOM
It is they [MASK] she hit.,0.8933671,NOM
It is they [MASK] she hit.,3.5935829,NOM
It is we [MASK] she hit.,1.8711671,NOM
It is we [MASK] she hit.,4.949047,NOM
It was he [MASK] she hit.,1.8082609,NOM
It was he [MASK] she hit.,2.2847257,NOM
It was I [MASK] she hit.,1.6442866,NOM
It was I [MASK] she hit.,3.0840223,NOM
It was they [MASK] she hit.,0.6586777,NOM
It was they [MASK] she hit.,3.5516956,NOM
It was we [MASK] she hit.,0.94180113,NOM
It was we [MASK] she hit.,4.3952904,NOM
It is he [MASK] she hurt.,1.930395,NOM
It is he [MASK] she hurt.,2.3974957,NOM
It is I [MASK] she hurt.,3.9227314,NOM
It is I [MASK] she hurt.,5.414844,NOM
It is they [MASK] she hurt.,1.5658444,NOM
It is they [MASK] she hurt.,3.8394759,NOM
It is we [MASK] she hurt.,2.5556064,NOM
It is we [MASK] she hurt.,4.5930715,NOM
It was he [MASK] she hurt.,1.8180877,NOM
It was he [MASK] she hurt.,1.8216909,NOM
It was I [MASK] she hurt.,2.5494747,NOM
It was I [MASK] she hurt.,3.4498637,NOM
It was they [MASK] she hurt.,0.92348754,NOM
It was they [MASK] she hurt.,3.0862546,NOM
It was we [MASK] she hurt.,1.8467981,NOM
It was we [MASK] she hurt.,4.2360864,NOM
It is he [MASK] she injured.,4.548623,NOM
It is he [MASK] she injured.,4.167317,NOM
It is I [MASK] she injured.,3.0768743,NOM
It is I [MASK] she injured.,4.903707,NOM
It is they [MASK] she injured.,1.27521,NOM
It is they [MASK] she injured.,3.402158,NOM
It is we [MASK] she injured.,2.555293,NOM
It is we [MASK] she injured.,4.473777,NOM
It was he [MASK] she injured.,1.6450387,NOM
It was he [MASK] she injured.,1.6866544,NOM
It was I [MASK] she injured.,1.7613413,NOM
It was I [MASK] she injured.,2.9211524,NOM
It was they [MASK] she injured.,0.79321826,NOM
It was they [MASK] she injured.,3.2426007,NOM
It was we [MASK] she injured.,2.0798922,NOM
It was we [MASK] she injured.,3.299772,NOM
It is he [MASK] she likes.,0.49194,NOM
It is he [MASK] she likes.,3.0435517,NOM
It is I [MASK] she likes.,1.6670164,NOM
It is I [MASK] she likes.,6.395801,NOM
It is they [MASK] she likes.,0.13902587,NOM
It is they [MASK] she likes.,7.5023923,NOM
It is we [MASK] she likes.,0.9354495,NOM
It is we [MASK] she likes.,5.3297987,NOM
It was he [MASK] she likes.,0.3320544,NOM
It was he [MASK] she likes.,3.4573715,NOM
It was I [MASK] she likes.,0.5256162,NOM
It was I [MASK] she likes.,5.007178,NOM
It was they [MASK] she likes.,0.18288898,NOM
It was they [MASK] she likes.,5.7902126,NOM
It was we [MASK] she likes.,1.3000681,NOM
It was we [MASK] she likes.,5.285905,NOM
It is he [MASK] she loves.,1.0579032,NOM
It is he [MASK] she loves.,2.6439092,NOM
It is I [MASK] she loves.,0.90170103,NOM
It is I [MASK] she loves.,4.4359293,NOM
It is they [MASK] she loves.,0.44056106,NOM
It is they [MASK] she loves.,4.6520324,NOM
It is we [MASK] she loves.,0.68320036,NOM
It is we [MASK] she loves.,4.5120487,NOM
It was he [MASK] she loves.,0.49592745,NOM
It was he [MASK] she loves.,2.7725692,NOM
It was I [MASK] she loves.,0.38765106,NOM
It was I [MASK] she loves.,3.9677825,NOM
It was they [MASK] she loves.,0.2996097,NOM
It was they [MASK] she loves.,4.348483,NOM
It was we [MASK] she loves.,0.5279337,NOM
It was we [MASK] she loves.,4.7638288,NOM
It is he [MASK] she missed.,0.5236267,NOM
It is he [MASK] she missed.,3.0746481,NOM
It is I [MASK] she missed.,1.0969998,NOM
It is I [MASK] she missed.,5.645458,NOM
It is they [MASK] she missed.,0.20320246,NOM
It is they [MASK] she missed.,5.2137713,NOM
It is we [MASK] she missed.,0.91592526,NOM
It is we [MASK] she missed.,5.6979885,NOM
It was he [MASK] she missed.,0.31102344,NOM
It was he [MASK] she missed.,3.206581,NOM
It was I [MASK] she missed.,0.15039608,NOM
It was I [MASK] she missed.,5.570366,NOM
It was they [MASK] she missed.,0.15838057,NOM
It was they [MASK] she missed.,4.5208416,NOM
It was we [MASK] she missed.,0.46053788,NOM
It was we [MASK] she missed.,5.6483793,NOM
It is he [MASK] she needed.,0.4476712,NOM
It is he [MASK] she needed.,4.3148127,NOM
It is I [MASK] she needed.,4.99323,NOM
It is I [MASK] she needed.,8.654098,NOM
It is they [MASK] she needed.,0.1545423,NOM
It is they [MASK] she needed.,5.9788146,NOM
It is we [MASK] she needed.,1.4187287,NOM
It is we [MASK] she needed.,6.778702,NOM
It was he [MASK] she needed.,0.05770162,NOM
It was he [MASK] she needed.,5.831386,NOM
It was I [MASK] she needed.,0.04921079,NOM
It was I [MASK] she needed.,7.236686,NOM
It was they [MASK] she needed.,0.03974639,NOM
It was they [MASK] she needed.,6.589091,NOM
It was we [MASK] she needed.,0.19265568,NOM
It was we [MASK] she needed.,7.48347,NOM
It is he [MASK] she noticed.,2.865521,NOM
It is he [MASK] she noticed.,6.1684732,NOM
It is I [MASK] she noticed.,5.2044024,NOM
It is I [MASK] she noticed.,9.281168,NOM
It is they [MASK] she noticed.,4.0899367,NOM
It is they [MASK] she noticed.,10.271493,NOM
It is we [MASK] she noticed.,1.6261948,NOM
It is we [MASK] she noticed.,7.0358863,NOM
It was he [MASK] she noticed.,0.7727914,NOM
It was he [MASK] she noticed.,3.7608676,NOM
It was I [MASK] she noticed.,0.29300693,NOM
It was I [MASK] she noticed.,3.9958334,NOM
It was they [MASK] she noticed.,0.7554958,NOM
It was they [MASK] she noticed.,6.2277317,NOM
It was we [MASK] she noticed.,0.35657555,NOM
It was we [MASK] she noticed.,4.8201494,NOM
It is he [MASK] she painted.,1.3402959,NOM
It is he [MASK] she painted.,3.254361,NOM
It is I [MASK] she painted.,0.9310545,NOM
It is I [MASK] she painted.,4.970723,NOM
It is they [MASK] she painted.,0.33406442,NOM
It is they [MASK] she painted.,5.450554,NOM
It is we [MASK] she painted.,0.7145838,NOM
It is we [MASK] she painted.,5.1343994,NOM
It was he [MASK] she painted.,0.69750905,NOM
It was he [MASK] she painted.,3.352203,NOM
It was I [MASK] she painted.,0.307688,NOM
It was I [MASK] she painted.,4.6655316,NOM
It was they [MASK] she painted.,0.16444077,NOM
It was they [MASK] she painted.,5.5826936,NOM
It was we [MASK] she painted.,0.5142708,NOM
It was we [MASK] she painted.,4.5463443,NOM
It is he [MASK] she praised.,1.0950305,NOM
It is he [MASK] she praised.,2.142398,NOM
It is I [MASK] she praised.,1.2294097,NOM
It is I [MASK] she praised.,4.5562773,NOM
It is they [MASK] she praised.,0.7558891,NOM
It is they [MASK] she praised.,6.006569,NOM
It is we [MASK] she praised.,1.4768828,NOM
It is we [MASK] she praised.,5.5651546,NOM
It was he [MASK] she praised.,0.646554,NOM
It was he [MASK] she praised.,2.6328862,NOM
It was I [MASK] she praised.,0.41182935,NOM
It was I [MASK] she praised.,3.636424,NOM
It was they [MASK] she praised.,0.20939596,NOM
It was they [MASK] she praised.,5.0910974,NOM
It was we [MASK] she praised.,0.5963849,NOM
It was we [MASK] she praised.,3.5971146,NOM
It is he [MASK] she pressed.,8.406709,NOM
It is he [MASK] she pressed.,9.773,NOM
It is I [MASK] she pressed.,7.652651,NOM
It is I [MASK] she pressed.,9.732022,NOM
It is they [MASK] she pressed.,9.142454,NOM
It is they [MASK] she pressed.,12.855962,NOM
It is we [MASK] she pressed.,8.694061,NOM
It is we [MASK] she pressed.,12.286581,NOM
It was he [MASK] she pressed.,1.2722148,NOM
It was he [MASK] she pressed.,2.2005894,NOM
It was I [MASK] she pressed.,1.3496085,NOM
It was I [MASK] she pressed.,3.2152696,NOM
It was they [MASK] she pressed.,1.459077,NOM
It was they [MASK] she pressed.,5.933736,NOM
It was we [MASK] she pressed.,3.786428,NOM
It was we [MASK] she pressed.,6.837152,NOM
It is he [MASK] she pulled.,0.9610305,NOM
It is he [MASK] she pulled.,2.928838,NOM
It is I [MASK] she pulled.,0.835134,NOM
It is I [MASK] she pulled.,4.4876795,NOM
It is they [MASK] she pulled.,0.86159164,NOM
It is they [MASK] she pulled.,5.9582753,NOM
It is we [MASK] she pulled.,1.0584357,NOM
It is we [MASK] she pulled.,5.621753,NOM
It was he [MASK] she pulled.,1.066626,NOM
It was he [MASK] she pulled.,2.690661,NOM
It was I [MASK] she pulled.,0.2967087,NOM
It was I [MASK] she pulled.,4.4465384,NOM
It was they [MASK] she pulled.,0.29749426,NOM
It was they [MASK] she pulled.,5.1009727,NOM
It was we [MASK] she pulled.,0.51064163,NOM
It was we [MASK] she pulled.,5.4270706,NOM
It is he [MASK] she pushed.,1.6355336,NOM
It is he [MASK] she pushed.,3.4439983,NOM
It is I [MASK] she pushed.,1.6288744,NOM
It is I [MASK] she pushed.,4.077478,NOM
It is they [MASK] she pushed.,3.684776,NOM
It is they [MASK] she pushed.,8.64311,NOM
It is we [MASK] she pushed.,3.0495675,NOM
It is we [MASK] she pushed.,7.8345037,NOM
It was he [MASK] she pushed.,1.2541296,NOM
It was he [MASK] she pushed.,2.1469934,NOM
It was I [MASK] she pushed.,0.49457392,NOM
It was I [MASK] she pushed.,3.1829627,NOM
It was they [MASK] she pushed.,0.3247647,NOM
It was they [MASK] she pushed.,4.2519846,NOM
It was we [MASK] she pushed.,0.49574474,NOM
It was we [MASK] she pushed.,4.9551864,NOM
It is he [MASK] she respected.,1.0150179,NOM
It is he [MASK] she respected.,3.0225465,NOM
It is I [MASK] she respected.,1.1340876,NOM
It is I [MASK] she respected.,4.4611473,NOM
It is they [MASK] she respected.,0.6655388,NOM
It is they [MASK] she respected.,4.2323885,NOM
It is we [MASK] she respected.,0.7167035,NOM
It is we [MASK] she respected.,4.368608,NOM
It was he [MASK] she respected.,0.50145495,NOM
It was he [MASK] she respected.,3.671208,NOM
It was I [MASK] she respected.,0.29125667,NOM
It was I [MASK] she respected.,4.3889775,NOM
It was they [MASK] she respected.,0.31976485,NOM
It was they [MASK] she respected.,4.1795974,NOM
It was we [MASK] she respected.,0.51249814,NOM
It was we [MASK] she respected.,4.652005,NOM
It is he [MASK] she saw.,0.84053636,NOM
It is he [MASK] she saw.,3.6712759,NOM
It is I [MASK] she saw.,0.7337198,NOM
It is I [MASK] she saw.,4.836992,NOM
It is they [MASK] she saw.,1.2834585,NOM
It is they [MASK] she saw.,7.556241,NOM
It is we [MASK] she saw.,0.9141752,NOM
It is we [MASK] she saw.,5.0138907,NOM
It was he [MASK] she saw.,0.31217337,NOM
It was he [MASK] she saw.,4.9173446,NOM
It was I [MASK] she saw.,0.14526114,NOM
It was I [MASK] she saw.,5.2523136,NOM
It was they [MASK] she saw.,0.20963469,NOM
It was they [MASK] she saw.,6.8378572,NOM
It was we [MASK] she saw.,0.6503552,NOM
It was we [MASK] she saw.,4.348662,NOM
It is he [MASK] she sent.,9.138347,NOM
It is he [MASK] she sent.,12.517708,NOM
It is I [MASK] she sent.,8.218615,NOM
It is I [MASK] she sent.,12.885389,NOM
It is they [MASK] she sent.,8.198384,NOM
It is they [MASK] she sent.,13.932383,NOM
It is we [MASK] she sent.,8.673233,NOM
It is we [MASK] she sent.,14.26029,NOM
It was he [MASK] she sent.,5.2803903,NOM
It was he [MASK] she sent.,8.432779,NOM
It was I [MASK] she sent.,5.646863,NOM
It was I [MASK] she sent.,9.981865,NOM
It was they [MASK] she sent.,4.3481407,NOM
It was they [MASK] she sent.,9.437805,NOM
It was we [MASK] she sent.,5.8877654,NOM
It was we [MASK] she sent.,10.587046,NOM
It is he [MASK] she stroke.,1.7992154,NOM
It is he [MASK] she stroke.,4.16469,NOM
It is I [MASK] she stroke.,1.253147,NOM
It is I [MASK] she stroke.,4.440364,NOM
It is they [MASK] she stroke.,0.583027,NOM
It is they [MASK] she stroke.,5.4056296,NOM
It is we [MASK] she stroke.,0.7009312,NOM
It is we [MASK] she stroke.,5.4900804,NOM
It was he [MASK] she stroke.,1.2565234,NOM
It was he [MASK] she stroke.,5.0998697,NOM
It was I [MASK] she stroke.,1.5123472,NOM
It was I [MASK] she stroke.,4.2948165,NOM
It was they [MASK] she stroke.,0.44453448,NOM
It was they [MASK] she stroke.,5.8655453,NOM
It was we [MASK] she stroke.,0.97038215,NOM
It was we [MASK] she stroke.,5.5283365,NOM
It is he [MASK] she taught.,1.4111655,NOM
It is he [MASK] she taught.,3.1023147,NOM
It is I [MASK] she taught.,0.81991994,NOM
It is I [MASK] she taught.,5.166275,NOM
It is they [MASK] she taught.,0.506297,NOM
It is they [MASK] she taught.,5.2841463,NOM
It is we [MASK] she taught.,0.44776997,NOM
It is we [MASK] she taught.,5.264935,NOM
It was he [MASK] she taught.,0.6242403,NOM
It was he [MASK] she taught.,3.9765522,NOM
It was I [MASK] she taught.,0.3329188,NOM
It was I [MASK] she taught.,5.1582766,NOM
It was they [MASK] she taught.,0.1974433,NOM
It was they [MASK] she taught.,5.1117167,NOM
It was we [MASK] she taught.,0.30083734,NOM
It was we [MASK] she taught.,5.0273747,NOM
It is he [MASK] she told.,4.182193,NOM
It is he [MASK] she told.,6.7210245,NOM
It is I [MASK] she told.,3.1071587,NOM
It is I [MASK] she told.,7.093988,NOM
It is they [MASK] she told.,5.4816556,NOM
It is they [MASK] she told.,10.70433,NOM
It is we [MASK] she told.,3.4253478,NOM
It is we [MASK] she told.,9.072543,NOM
It was he [MASK] she told.,2.6309376,NOM
It was he [MASK] she told.,4.817365,NOM
It was I [MASK] she told.,1.7295091,NOM
It was I [MASK] she told.,4.9182105,NOM
It was they [MASK] she told.,3.0395083,NOM
It was they [MASK] she told.,7.0177803,NOM
It was we [MASK] she told.,1.8334835,NOM
It was we [MASK] she told.,6.129303,NOM
It is he [MASK] she trusted.,1.4719085,NOM
It is he [MASK] she trusted.,2.6898773,NOM
It is I [MASK] she trusted.,1.6049328,NOM
It is I [MASK] she trusted.,3.8595827,NOM
It is they [MASK] she trusted.,0.98456234,NOM
It is they [MASK] she trusted.,3.5557358,NOM
It is we [MASK] she trusted.,1.1446656,NOM
It is we [MASK] she trusted.,3.727179,NOM
It was he [MASK] she trusted.,0.7252625,NOM
It was he [MASK] she trusted.,2.6915443,NOM
It was I [MASK] she trusted.,0.6553266,NOM
It was I [MASK] she trusted.,3.3405206,NOM
It was they [MASK] she trusted.,0.56626713,NOM
It was they [MASK] she trusted.,3.1815233,NOM
It was we [MASK] she trusted.,0.6292223,NOM
It was we [MASK] she trusted.,3.6021323,NOM
It is he [MASK] she valued.,0.67157775,NOM
It is he [MASK] she valued.,3.1517932,NOM
It is I [MASK] she valued.,0.5180508,NOM
It is I [MASK] she valued.,4.72514,NOM
It is they [MASK] she valued.,0.24195066,NOM
It is they [MASK] she valued.,5.664641,NOM
It is we [MASK] she valued.,0.502663,NOM
It is we [MASK] she valued.,5.0202966,NOM
It was he [MASK] she valued.,0.20540158,NOM
It was he [MASK] she valued.,4.3188467,NOM
It was I [MASK] she valued.,0.07811077,NOM
It was I [MASK] she valued.,5.8592978,NOM
It was they [MASK] she valued.,0.09951153,NOM
It was they [MASK] she valued.,5.6159306,NOM
It was we [MASK] she valued.,0.3730489,NOM
It was we [MASK] she valued.,5.7584896,NOM
It is he [MASK] she wanted.,0.4205036,NOM
It is he [MASK] she wanted.,3.7610865,NOM
It is I [MASK] she wanted.,1.6291329,NOM
It is I [MASK] she wanted.,4.853003,NOM
It is they [MASK] she wanted.,0.15698105,NOM
It is they [MASK] she wanted.,5.5762863,NOM
It is we [MASK] she wanted.,0.7290775,NOM
It is we [MASK] she wanted.,5.21243,NOM
It was he [MASK] she wanted.,0.064898275,NOM
It was he [MASK] she wanted.,5.376789,NOM
It was I [MASK] she wanted.,0.06285691,NOM
It was I [MASK] she wanted.,6.0982084,NOM
It was they [MASK] she wanted.,0.05546263,NOM
It was they [MASK] she wanted.,6.1870556,NOM
It was we [MASK] she wanted.,0.1571916,NOM
It was we [MASK] she wanted.,6.4769864,NOM
It is he [MASK] stroke her.,2.7355678,NOM
It is he [MASK] stroke her.,0.7061713,NOM
It is I [MASK] stroke her.,1.7437315,NOM
It is I [MASK] stroke her.,0.7404853,NOM
It is they [MASK] stroke her.,1.6313245,NOM
It is they [MASK] stroke her.,0.6996314,NOM
It is we [MASK] stroke her.,1.8480687,NOM
It is we [MASK] stroke her.,1.2181814,NOM
It was he [MASK] stroke her.,3.232147,NOM
It was he [MASK] stroke her.,2.6824174,NOM
It was I [MASK] stroke her.,2.826901,NOM
It was I [MASK] stroke her.,1.9757382,NOM
It was they [MASK] stroke her.,1.6214427,NOM
It was they [MASK] stroke her.,1.3512207,NOM
It was we [MASK] stroke her.,2.8216903,NOM
It was we [MASK] stroke her.,3.4251733,NOM
It is she [MASK] stroke him.,2.7766109,NOM
It is she [MASK] stroke him.,0.72571373,NOM
It was she [MASK] stroke him.,3.282616,NOM
It was she [MASK] stroke him.,2.4398704,NOM
It is he [MASK] taught her.,4.225369,NOM
It is he [MASK] taught her.,0.17195952,NOM
It is I [MASK] taught her.,3.4519577,NOM
It is I [MASK] taught her.,0.63909626,NOM
It is they [MASK] taught her.,2.9606624,NOM
It is they [MASK] taught her.,0.5702796,NOM
It is we [MASK] taught her.,4.100919,NOM
It is we [MASK] taught her.,0.8311008,NOM
It was he [MASK] taught her.,2.8172784,NOM
It was he [MASK] taught her.,0.31843224,NOM
It was I [MASK] taught her.,1.7230347,NOM
It was I [MASK] taught her.,0.64735764,NOM
It was they [MASK] taught her.,2.2699003,NOM
It was they [MASK] taught her.,0.50314593,NOM
It was we [MASK] taught her.,2.4158762,NOM
It was we [MASK] taught her.,0.5352378,NOM
It is she [MASK] taught him.,3.827822,NOM
It is she [MASK] taught him.,0.24897711,NOM
It was she [MASK] taught him.,2.4360282,NOM
It was she [MASK] taught him.,0.38634047,NOM
It is he [MASK] told her.,4.1883864,NOM
It is he [MASK] told her.,0.42686576,NOM
It is I [MASK] told her.,4.450245,NOM
It is I [MASK] told her.,1.1836201,NOM
It is they [MASK] told her.,3.3806036,NOM
It is they [MASK] told her.,0.96930355,NOM
It is we [MASK] told her.,6.1202335,NOM
It is we [MASK] told her.,2.5800471,NOM
It was he [MASK] told her.,3.431229,NOM
It was he [MASK] told her.,0.15680465,NOM
It was I [MASK] told her.,2.877836,NOM
It was I [MASK] told her.,0.28640813,NOM
It was they [MASK] told her.,2.564777,NOM
It was they [MASK] told her.,0.32682034,NOM
It was we [MASK] told her.,3.0492897,NOM
It was we [MASK] told her.,0.34051478,NOM
It is she [MASK] told him.,3.90175,NOM
It is she [MASK] told him.,0.5642135,NOM
It was she [MASK] told him.,3.0463667,NOM
It was she [MASK] told him.,0.21416603,NOM
It is he [MASK] trusted her.,3.991339,NOM
It is he [MASK] trusted her.,0.10286765,NOM
It is I [MASK] trusted her.,2.4150581,NOM
It is I [MASK] trusted her.,0.35042858,NOM
It is they [MASK] trusted her.,2.4160423,NOM
It is they [MASK] trusted her.,0.32990795,NOM
It is we [MASK] trusted her.,2.0300443,NOM
It is we [MASK] trusted her.,0.46902102,NOM
It was he [MASK] trusted her.,3.9652221,NOM
It was he [MASK] trusted her.,0.09730058,NOM
It was I [MASK] trusted her.,2.466549,NOM
It was I [MASK] trusted her.,0.29663688,NOM
It was they [MASK] trusted her.,3.1034403,NOM
It was they [MASK] trusted her.,0.1835448,NOM
It was we [MASK] trusted her.,2.394336,NOM
It was we [MASK] trusted her.,0.31733453,NOM
It is she [MASK] trusted him.,3.7073889,NOM
It is she [MASK] trusted him.,0.1274848,NOM
It was she [MASK] trusted him.,4.1835403,NOM
It was she [MASK] trusted him.,0.08398854,NOM
It is he [MASK] valued her.,3.9000652,NOM
It is he [MASK] valued her.,0.106981084,NOM
It is I [MASK] valued her.,2.9698608,NOM
It is I [MASK] valued her.,0.21570583,NOM
It is they [MASK] valued her.,2.4501538,NOM
It is they [MASK] valued her.,0.30956972,NOM
It is we [MASK] valued her.,2.2259278,NOM
It is we [MASK] valued her.,0.3962374,NOM
It was he [MASK] valued her.,3.6179185,NOM
It was he [MASK] valued her.,0.124188505,NOM
It was I [MASK] valued her.,2.735044,NOM
It was I [MASK] valued her.,0.23839399,NOM
It was they [MASK] valued her.,3.0886238,NOM
It was they [MASK] valued her.,0.18386145,NOM
It was we [MASK] valued her.,2.4760835,NOM
It was we [MASK] valued her.,0.2933319,NOM
It is she [MASK] valued him.,3.3533688,NOM
It is she [MASK] valued him.,0.1580165,NOM
It was she [MASK] valued him.,3.5967212,NOM
It was she [MASK] valued him.,0.12675641,NOM
It is he [MASK] wanted her.,3.0843341,NOM
It is he [MASK] wanted her.,0.22017907,NOM
It is I [MASK] wanted her.,2.627049,NOM
It is I [MASK] wanted her.,1.3480773,NOM
It is they [MASK] wanted her.,2.1672184,NOM
It is they [MASK] wanted her.,0.49467906,NOM
It is we [MASK] wanted her.,2.0926893,NOM
It is we [MASK] wanted her.,0.7572181,NOM
It was he [MASK] wanted her.,3.2051902,NOM
It was he [MASK] wanted her.,0.16772331,NOM
It was I [MASK] wanted her.,1.9547294,NOM
It was I [MASK] wanted her.,0.43756855,NOM
It was they [MASK] wanted her.,2.7018344,NOM
It was they [MASK] wanted her.,0.24873719,NOM
It was we [MASK] wanted her.,1.9258729,NOM
It was we [MASK] wanted her.,0.4532667,NOM
It is she [MASK] wanted him.,2.6725738,NOM
It is she [MASK] wanted him.,0.294838,NOM
It was she [MASK] wanted him.,3.0006404,NOM
It was she [MASK] wanted him.,0.1962775,NOM