sen,sur,comp
It is [MASK] that admired her.,9.343739,that
It is [MASK] that admired her.,3.3829882,that
It is [MASK] that admired her.,7.7357516,that
It is [MASK] that admired her.,4.027828,that
It is [MASK] that admired her.,8.196317,that
It is [MASK] that admired her.,17.621727,that
It is [MASK] that admired her.,6.8095217,that
It is [MASK] that admired her.,2.1470947,that
It is [MASK] that admired him.,5.016919,that
It is [MASK] that admired him.,2.9766283,that
It is [MASK] that advised her.,8.94635,that
It is [MASK] that advised her.,4.172038,that
It is [MASK] that advised her.,8.817772,that
It is [MASK] that advised her.,5.368284,that
It is [MASK] that advised her.,7.8155193,that
It is [MASK] that advised her.,15.714905,that
It is [MASK] that advised her.,7.3046694,that
It is [MASK] that advised her.,2.3297262,that
It is [MASK] that advised him.,6.0009966,that
It is [MASK] that advised him.,3.5168536,that
It is [MASK] that avoided her.,6.584148,that
It is [MASK] that avoided her.,3.582809,that
It is [MASK] that avoided her.,6.092777,that
It is [MASK] that avoided her.,4.872296,that
It is [MASK] that avoided her.,5.632113,that
It is [MASK] that avoided her.,16.758293,that
It is [MASK] that avoided her.,4.7816496,that
It is [MASK] that avoided her.,2.619735,that
It is [MASK] that avoided him.,6.1855807,that
It is [MASK] that avoided him.,3.9904099,that
It is [MASK] that called her.,7.865249,that
It is [MASK] that called her.,3.4934583,that
It is [MASK] that called her.,6.594776,that
It is [MASK] that called her.,4.1921997,that
It is [MASK] that called her.,8.023057,that
It is [MASK] that called her.,14.696898,that
It is [MASK] that called her.,6.5007668,that
It is [MASK] that called her.,3.542388,that
It is [MASK] that called him.,5.118438,that
It is [MASK] that called him.,4.172887,that
It is [MASK] that drew her.,9.892651,that
It is [MASK] that drew her.,4.089217,that
It is [MASK] that drew her.,7.698862,that
It is [MASK] that drew her.,3.5959854,that
It is [MASK] that drew her.,11.40144,that
It is [MASK] that drew her.,15.562555,that
It is [MASK] that drew her.,9.110715,that
It is [MASK] that drew her.,4.3542075,that
It is [MASK] that drew him.,3.4276674,that
It is [MASK] that drew him.,4.3743877,that
It is [MASK] that feared her.,6.526464,that
It is [MASK] that feared her.,3.084303,that
It is [MASK] that feared her.,4.5819654,that
It is [MASK] that feared her.,4.795355,that
It is [MASK] that feared her.,7.486119,that
It is [MASK] that feared her.,17.026474,that
It is [MASK] that feared her.,5.10307,that
It is [MASK] that feared her.,4.4236107,that
It is [MASK] that feared him.,5.4709764,that
It is [MASK] that feared him.,4.9970417,that
It is [MASK] that found her.,6.277677,that
It is [MASK] that found her.,2.9779053,that
It is [MASK] that found her.,6.8204885,that
It is [MASK] that found her.,5.0939693,that
It is [MASK] that found her.,6.1161704,that
It is [MASK] that found her.,16.384197,that
It is [MASK] that found her.,6.13317,that
It is [MASK] that found her.,3.5970402,that
It is [MASK] that found him.,5.2040277,that
It is [MASK] that found him.,4.517641,that
It is [MASK] that greeted her.,10.383642,that
It is [MASK] that greeted her.,5.060114,that
It is [MASK] that greeted her.,8.598811,that
It is [MASK] that greeted her.,4.634448,that
It is [MASK] that greeted her.,11.656681,that
It is [MASK] that greeted her.,15.349975,that
It is [MASK] that greeted her.,9.157445,that
It is [MASK] that greeted her.,3.9559076,that
It is [MASK] that greeted him.,4.9853826,that
It is [MASK] that greeted him.,4.1275144,that
It is [MASK] that hate her.,6.336705,that
It is [MASK] that hate her.,2.9955223,that
It is [MASK] that hate her.,6.6285696,that
It is [MASK] that hate her.,3.176565,that
It is [MASK] that hates her.,2.2743316,that
It is [MASK] that hates her.,3.6542935,that
It is [MASK] that hates her.,15.510018,that
It is [MASK] that hates her.,4.866594,that
It is [MASK] that hates him.,3.5220287,that
It is [MASK] that hates him.,3.9970927,that
It is [MASK] that he admired.,4.2493234,that
It is [MASK] that he admired.,6.251186,that
It is [MASK] that he advised.,7.1948223,that
It is [MASK] that he advised.,9.569543,that
It is [MASK] that he avoided.,7.131406,that
It is [MASK] that he avoided.,9.808986,that
It is [MASK] that he called.,8.607972,that
It is [MASK] that he called.,11.522717,that
It is [MASK] that he drew.,5.6404195,that
It is [MASK] that he drew.,9.464394,that
It is [MASK] that he feared.,4.2152047,that
It is [MASK] that he feared.,6.6287518,that
It is [MASK] that he found.,5.0642548,that
It is [MASK] that he found.,7.851434,that
It is [MASK] that he greeted.,3.808601,that
It is [MASK] that he greeted.,5.946605,that
It is [MASK] that he hates.,3.6891012,that
It is [MASK] that he hates.,6.9680963,that
It is [MASK] that he heard.,7.938594,that
It is [MASK] that he heard.,10.705918,that
It is [MASK] that he hit.,4.031176,that
It is [MASK] that he hit.,9.136232,that
It is [MASK] that he hurt.,5.1055293,that
It is [MASK] that he hurt.,10.588895,that
It is [MASK] that he injured.,10.712135,that
It is [MASK] that he injured.,14.943494,that
It is [MASK] that he likes.,4.130953,that
It is [MASK] that he likes.,7.6011443,that
It is [MASK] that he loves.,1.8225483,that
It is [MASK] that he loves.,4.8315907,that
It is [MASK] that he missed.,4.4577327,that
It is [MASK] that he missed.,7.7346373,that
It is [MASK] that he needed.,5.774468,that
It is [MASK] that he needed.,9.013596,that
It is [MASK] that he noticed.,9.46192,that
It is [MASK] that he noticed.,11.330197,that
It is [MASK] that he painted.,10.1673975,that
It is [MASK] that he painted.,14.461117,that
It is [MASK] that he praised.,4.765108,that
It is [MASK] that he praised.,6.280717,that
It is [MASK] that he pressed.,7.7406034,that
It is [MASK] that he pressed.,10.638304,that
It is [MASK] that he pulled.,5.2167897,that
It is [MASK] that he pulled.,8.862015,that
It is [MASK] that he pushed.,6.451058,that
It is [MASK] that he pushed.,10.664704,that
It is [MASK] that he respected.,4.5618215,that
It is [MASK] that he respected.,6.435045,that
It is [MASK] that he saw.,4.678795,that
It is [MASK] that he saw.,7.5299315,that
It is [MASK] that he sent.,4.4567013,that
It is [MASK] that he sent.,6.659176,that
It is [MASK] that he stroke.,7.535895,that
It is [MASK] that he stroke.,9.891504,that
It is [MASK] that he taught.,7.75719,that
It is [MASK] that he taught.,9.862149,that
It is [MASK] that he told.,6.360294,that
It is [MASK] that he told.,7.0257006,that
It is [MASK] that he trusted.,4.144735,that
It is [MASK] that he trusted.,4.9625764,that
It is [MASK] that he valued.,4.808812,that
It is [MASK] that he valued.,7.25071,that
It is [MASK] that he wanted.,3.8384316,that
It is [MASK] that he wanted.,7.293084,that
It is [MASK] that heard her.,8.474512,that
It is [MASK] that heard her.,3.0767608,that
It is [MASK] that heard her.,7.7845078,that
It is [MASK] that heard her.,5.181982,that
It is [MASK] that heard her.,7.942706,that
It is [MASK] that heard her.,15.540407,that
It is [MASK] that heard her.,6.74601,that
It is [MASK] that heard her.,2.595624,that
It is [MASK] that heard him.,5.8586297,that
It is [MASK] that heard him.,3.9038033,that
It is [MASK] that hit her.,10.605125,that
It is [MASK] that hit her.,3.3239686,that
It is [MASK] that hit her.,7.873568,that
It is [MASK] that hit her.,3.4746866,that
It is [MASK] that hit her.,14.8337755,that
It is [MASK] that hit her.,14.900506,that
It is [MASK] that hit her.,11.848415,that
It is [MASK] that hit her.,7.11886,that
It is [MASK] that hit him.,3.908318,that
It is [MASK] that hit him.,6.2890463,that
It is [MASK] that hurt her.,8.522377,that
It is [MASK] that hurt her.,2.0275753,that
It is [MASK] that hurt her.,7.9468756,that
It is [MASK] that hurt her.,3.478521,that
It is [MASK] that hurt her.,10.730038,that
It is [MASK] that hurt her.,15.974181,that
It is [MASK] that hurt her.,10.051277,that
It is [MASK] that hurt her.,5.260546,that
It is [MASK] that hurt him.,3.4576273,that
It is [MASK] that hurt him.,5.575693,that
It is [MASK] that injured her.,8.6496105,that
It is [MASK] that injured her.,3.1905982,that
It is [MASK] that injured her.,8.68088,that
It is [MASK] that injured her.,4.4430356,that
It is [MASK] that injured her.,9.797717,that
It is [MASK] that injured her.,14.533841,that
It is [MASK] that injured her.,9.175488,that
It is [MASK] that injured her.,3.6462586,that
It is [MASK] that injured him.,4.775187,that
It is [MASK] that injured him.,4.943565,that
It is [MASK] that like her.,14.757631,that
It is [MASK] that like her.,14.950434,that
It is [MASK] that like her.,12.584634,that
It is [MASK] that like her.,13.727677,that
It is [MASK] that likes her.,3.122147,that
It is [MASK] that likes her.,2.909464,that
It is [MASK] that likes her.,16.30985,that
It is [MASK] that likes her.,3.5433168,that
It is [MASK] that likes him.,3.1587257,that
It is [MASK] that likes him.,3.2188146,that
It is [MASK] that love her.,6.602009,that
It is [MASK] that love her.,4.4669933,that
It is [MASK] that love her.,4.835482,that
It is [MASK] that love her.,3.0485866,that
It is [MASK] that loves her.,3.7233918,that
It is [MASK] that loves her.,3.2332942,that
It is [MASK] that loves her.,15.483134,that
It is [MASK] that loves her.,2.4952478,that
It is [MASK] that loves him.,3.1920552,that
It is [MASK] that loves him.,2.4385107,that
It is [MASK] that missed her.,7.9091897,that
It is [MASK] that missed her.,1.7544998,that
It is [MASK] that missed her.,7.8549094,that
It is [MASK] that missed her.,3.812037,that
It is [MASK] that missed her.,8.2331505,that
It is [MASK] that missed her.,15.479618,that
It is [MASK] that missed her.,8.945023,that
It is [MASK] that missed her.,4.025034,that
It is [MASK] that missed him.,4.9849577,that
It is [MASK] that missed him.,4.9676967,that
It is [MASK] that needed her.,5.711776,that
It is [MASK] that needed her.,3.064804,that
It is [MASK] that needed her.,5.7628665,that
It is [MASK] that needed her.,4.8612647,that
It is [MASK] that needed her.,6.644846,that
It is [MASK] that needed her.,15.802186,that
It is [MASK] that needed her.,6.9170446,that
It is [MASK] that needed her.,5.084365,that
It is [MASK] that needed him.,4.546732,that
It is [MASK] that needed him.,4.955152,that
It is [MASK] that noticed her.,8.729138,that
It is [MASK] that noticed her.,3.7971117,that
It is [MASK] that noticed her.,7.2648005,that
It is [MASK] that noticed her.,4.695996,that
It is [MASK] that noticed her.,8.960454,that
It is [MASK] that noticed her.,16.143255,that
It is [MASK] that noticed her.,7.1987176,that
It is [MASK] that noticed her.,3.6625257,that
It is [MASK] that noticed him.,5.281388,that
It is [MASK] that noticed him.,4.024888,that
It is [MASK] that painted her.,7.9940057,that
It is [MASK] that painted her.,3.6146183,that
It is [MASK] that painted her.,7.361387,that
It is [MASK] that painted her.,5.121693,that
It is [MASK] that painted her.,8.921982,that
It is [MASK] that painted her.,16.027643,that
It is [MASK] that painted her.,7.121539,that
It is [MASK] that painted her.,4.2543435,that
It is [MASK] that painted him.,5.12186,that
It is [MASK] that painted him.,4.55749,that
It is [MASK] that praised her.,8.823345,that
It is [MASK] that praised her.,6.505587,that
It is [MASK] that praised her.,6.58561,that
It is [MASK] that praised her.,4.983531,that
It is [MASK] that praised her.,8.138935,that
It is [MASK] that praised her.,16.00865,that
It is [MASK] that praised her.,5.321138,that
It is [MASK] that praised her.,3.1777222,that
It is [MASK] that praised him.,7.037526,that
It is [MASK] that praised him.,5.6454077,that
It is [MASK] that pressed her.,11.866315,that
It is [MASK] that pressed her.,5.458409,that
It is [MASK] that pressed her.,9.036891,that
It is [MASK] that pressed her.,4.988744,that
It is [MASK] that pressed her.,13.381715,that
It is [MASK] that pressed her.,16.673088,that
It is [MASK] that pressed her.,9.840629,that
It is [MASK] that pressed her.,4.97962,that
It is [MASK] that pressed him.,4.4248967,that
It is [MASK] that pressed him.,4.510515,that
It is [MASK] that pulled her.,8.572454,that
It is [MASK] that pulled her.,2.9866724,that
It is [MASK] that pulled her.,7.771513,that
It is [MASK] that pulled her.,4.2168856,that
It is [MASK] that pulled her.,10.1013365,that
It is [MASK] that pulled her.,16.14064,that
It is [MASK] that pulled her.,8.5454445,that
It is [MASK] that pulled her.,4.8527384,that
It is [MASK] that pulled him.,3.9965312,that
It is [MASK] that pulled him.,4.746242,that
It is [MASK] that pushed her.,7.8125887,that
It is [MASK] that pushed her.,2.6156242,that
It is [MASK] that pushed her.,7.9252863,that
It is [MASK] that pushed her.,4.3328123,that
It is [MASK] that pushed her.,8.593121,that
It is [MASK] that pushed her.,16.120192,that
It is [MASK] that pushed her.,7.8392453,that
It is [MASK] that pushed her.,3.7340825,that
It is [MASK] that pushed him.,4.0468693,that
It is [MASK] that pushed him.,3.6730497,that
It is [MASK] that respected her.,6.762957,that
It is [MASK] that respected her.,3.5371137,that
It is [MASK] that respected her.,4.585801,that
It is [MASK] that respected her.,4.2411146,that
It is [MASK] that respected her.,6.4460707,that
It is [MASK] that respected her.,17.377634,that
It is [MASK] that respected her.,4.3498797,that
It is [MASK] that respected her.,3.315496,that
It is [MASK] that respected him.,5.8304615,that
It is [MASK] that respected him.,4.731511,that
It is [MASK] that saw her.,6.5977616,that
It is [MASK] that saw her.,2.3817363,that
It is [MASK] that saw her.,6.4462414,that
It is [MASK] that saw her.,4.2797966,that
It is [MASK] that saw her.,7.2922497,that
It is [MASK] that saw her.,16.314703,that
It is [MASK] that saw her.,6.75746,that
It is [MASK] that saw her.,3.5434961,that
It is [MASK] that saw him.,5.4998217,that
It is [MASK] that saw him.,4.872341,that
It is [MASK] that sent her.,7.601982,that
It is [MASK] that sent her.,2.7869408,that
It is [MASK] that sent her.,8.578308,that
It is [MASK] that sent her.,5.4006767,that
It is [MASK] that sent her.,7.4646626,that
It is [MASK] that sent her.,15.88919,that
It is [MASK] that sent her.,8.016492,that
It is [MASK] that sent her.,3.4996862,that
It is [MASK] that sent him.,5.498507,that
It is [MASK] that sent him.,4.2463026,that
It is [MASK] that she admired.,9.143005,that
It is [MASK] that she admired.,4.005437,that
It is [MASK] that she admired.,7.249606,that
It is [MASK] that she admired.,2.7740262,that
It is [MASK] that she admired.,11.675766,that
It is [MASK] that she admired.,16.628788,that
It is [MASK] that she admired.,10.279106,that
It is [MASK] that she admired.,4.584175,that
It is [MASK] that she advised.,7.9308743,that
It is [MASK] that she advised.,3.788304,that
It is [MASK] that she advised.,7.2983127,that
It is [MASK] that she advised.,4.8613377,that
It is [MASK] that she advised.,8.855777,that
It is [MASK] that she advised.,15.744676,that
It is [MASK] that she advised.,10.005766,that
It is [MASK] that she advised.,6.238391,that
It is [MASK] that she avoided.,9.355832,that
It is [MASK] that she avoided.,5.113446,that
It is [MASK] that she avoided.,7.9291635,that
It is [MASK] that she avoided.,5.1405244,that
It is [MASK] that she avoided.,10.902455,that
It is [MASK] that she avoided.,16.392614,that
It is [MASK] that she avoided.,10.698253,that
It is [MASK] that she avoided.,7.4825006,that
It is [MASK] that she called.,13.193451,that
It is [MASK] that she called.,8.82034,that
It is [MASK] that she called.,11.383409,that
It is [MASK] that she called.,9.398876,that
It is [MASK] that she called.,13.991395,that
It is [MASK] that she called.,17.490137,that
It is [MASK] that she called.,14.334065,that
It is [MASK] that she called.,11.200975,that
It is [MASK] that she drew.,8.952933,that
It is [MASK] that she drew.,4.2667737,that
It is [MASK] that she drew.,7.749156,that
It is [MASK] that she drew.,4.378578,that
It is [MASK] that she drew.,11.129246,that
It is [MASK] that she drew.,14.960436,that
It is [MASK] that she drew.,11.049296,that
It is [MASK] that she drew.,6.9945264,that
It is [MASK] that she feared.,7.113661,that
It is [MASK] that she feared.,2.9975262,that
It is [MASK] that she feared.,6.6419992,that
It is [MASK] that she feared.,2.591096,that
It is [MASK] that she feared.,10.685464,that
It is [MASK] that she feared.,15.823827,that
It is [MASK] that she feared.,9.938374,that
It is [MASK] that she feared.,5.3076844,that
It is [MASK] that she found.,8.565044,that
It is [MASK] that she found.,5.602371,that
It is [MASK] that she found.,7.1639647,that
It is [MASK] that she found.,4.600485,that
It is [MASK] that she found.,11.335646,that
It is [MASK] that she found.,14.209595,that
It is [MASK] that she found.,10.275625,that
It is [MASK] that she found.,6.5473857,that
It is [MASK] that she greeted.,7.450824,that
It is [MASK] that she greeted.,2.7738912,that
It is [MASK] that she greeted.,7.422651,that
It is [MASK] that she greeted.,2.7482858,that
It is [MASK] that she greeted.,9.628784,that
It is [MASK] that she greeted.,15.119615,that
It is [MASK] that she greeted.,10.018199,that
It is [MASK] that she greeted.,4.5790634,that
It is [MASK] that she hates.,8.147705,that
It is [MASK] that she hates.,2.7817118,that
It is [MASK] that she hates.,7.0095544,that
It is [MASK] that she hates.,2.975833,that
It is [MASK] that she hates.,12.432867,that
It is [MASK] that she hates.,15.096654,that
It is [MASK] that she hates.,11.3992195,that
It is [MASK] that she hates.,6.295529,that
It is [MASK] that she heard.,11.836265,that
It is [MASK] that she heard.,7.887234,that
It is [MASK] that she heard.,10.016829,that
It is [MASK] that she heard.,7.1428103,that
It is [MASK] that she heard.,13.570533,that
It is [MASK] that she heard.,16.77714,that
It is [MASK] that she heard.,12.413978,that
It is [MASK] that she heard.,9.123697,that
It is [MASK] that she hit.,8.382532,that
It is [MASK] that she hit.,4.326324,that
It is [MASK] that she hit.,7.098721,that
It is [MASK] that she hit.,3.6984541,that
It is [MASK] that she hit.,12.088363,that
It is [MASK] that she hit.,14.809435,that
It is [MASK] that she hit.,11.845468,that
It is [MASK] that she hit.,8.485381,that
It is [MASK] that she hurt.,11.424926,that
It is [MASK] that she hurt.,6.818307,that
It is [MASK] that she hurt.,9.549785,that
It is [MASK] that she hurt.,5.7608275,that
It is [MASK] that she hurt.,13.713206,that
It is [MASK] that she hurt.,16.058847,that
It is [MASK] that she hurt.,13.667255,that
It is [MASK] that she hurt.,10.3030205,that
It is [MASK] that she injured.,12.925549,that
It is [MASK] that she injured.,10.3023405,that
It is [MASK] that she injured.,11.206365,that
It is [MASK] that she injured.,8.238694,that
It is [MASK] that she injured.,14.816763,that
It is [MASK] that she injured.,15.801677,that
It is [MASK] that she injured.,14.30418,that
It is [MASK] that she injured.,11.366505,that
It is [MASK] that she likes.,9.982228,that
It is [MASK] that she likes.,3.8892002,that
It is [MASK] that she likes.,8.659527,that
It is [MASK] that she likes.,4.289245,that
It is [MASK] that she likes.,12.826564,that
It is [MASK] that she likes.,15.764048,that
It is [MASK] that she likes.,12.811116,that
It is [MASK] that she likes.,7.0457087,that
It is [MASK] that she loves.,7.6916113,that
It is [MASK] that she loves.,3.3942232,that
It is [MASK] that she loves.,7.1662135,that
It is [MASK] that she loves.,2.02216,that
It is [MASK] that she loves.,11.707725,that
It is [MASK] that she loves.,15.188136,that
It is [MASK] that she loves.,11.121019,that
It is [MASK] that she loves.,4.70407,that
It is [MASK] that she missed.,9.909613,that
It is [MASK] that she missed.,4.8267937,that
It is [MASK] that she missed.,8.153163,that
It is [MASK] that she missed.,3.6426883,that
It is [MASK] that she missed.,13.070164,that
It is [MASK] that she missed.,15.742194,that
It is [MASK] that she missed.,11.716808,that
It is [MASK] that she missed.,6.8183684,that
It is [MASK] that she needed.,8.430188,that
It is [MASK] that she needed.,3.9375787,that
It is [MASK] that she needed.,9.279505,that
It is [MASK] that she needed.,4.68933,that
It is [MASK] that she needed.,10.855764,that
It is [MASK] that she needed.,17.695183,that
It is [MASK] that she needed.,12.691558,that
It is [MASK] that she needed.,7.5839944,that
It is [MASK] that she noticed.,13.799293,that
It is [MASK] that she noticed.,8.959895,that
It is [MASK] that she noticed.,11.794426,that
It is [MASK] that she noticed.,8.18456,that
It is [MASK] that she noticed.,15.002139,that
It is [MASK] that she noticed.,17.744602,that
It is [MASK] that she noticed.,14.458548,that
It is [MASK] that she noticed.,10.024305,that
It is [MASK] that she painted.,9.316274,that
It is [MASK] that she painted.,7.5151052,that
It is [MASK] that she painted.,9.4372635,that
It is [MASK] that she painted.,7.0148554,that
It is [MASK] that she painted.,13.05966,that
It is [MASK] that she painted.,14.095882,that
It is [MASK] that she painted.,12.990458,that
It is [MASK] that she painted.,9.743755,that
It is [MASK] that she praised.,9.154148,that
It is [MASK] that she praised.,5.317024,that
It is [MASK] that she praised.,7.0345993,that
It is [MASK] that she praised.,3.7215974,that
It is [MASK] that she praised.,10.681058,that
It is [MASK] that she praised.,15.168244,that
It is [MASK] that she praised.,8.773069,that
It is [MASK] that she praised.,4.3293858,that
It is [MASK] that she pressed.,12.09975,that
It is [MASK] that she pressed.,7.1972847,that
It is [MASK] that she pressed.,10.642355,that
It is [MASK] that she pressed.,8.10698,that
It is [MASK] that she pressed.,13.652034,that
It is [MASK] that she pressed.,16.481138,that
It is [MASK] that she pressed.,13.62797,that
It is [MASK] that she pressed.,9.603966,that
It is [MASK] that she pulled.,9.317778,that
It is [MASK] that she pulled.,4.2849817,that
It is [MASK] that she pulled.,8.097204,that
It is [MASK] that she pulled.,4.788919,that
It is [MASK] that she pulled.,11.789986,that
It is [MASK] that she pulled.,15.8910675,that
It is [MASK] that she pulled.,11.592212,that
It is [MASK] that she pulled.,7.6581373,that
It is [MASK] that she pushed.,9.8310175,that
It is [MASK] that she pushed.,4.563174,that
It is [MASK] that she pushed.,8.997731,that
It is [MASK] that she pushed.,5.59151,that
It is [MASK] that she pushed.,11.320513,that
It is [MASK] that she pushed.,16.148798,that
It is [MASK] that she pushed.,12.66392,that
It is [MASK] that she pushed.,8.949779,that
It is [MASK] that she respected.,8.289633,that
It is [MASK] that she respected.,3.8240554,that
It is [MASK] that she respected.,6.8596373,that
It is [MASK] that she respected.,2.671056,that
It is [MASK] that she respected.,10.455756,that
It is [MASK] that she respected.,17.606731,that
It is [MASK] that she respected.,9.464905,that
It is [MASK] that she respected.,4.2735734,that
It is [MASK] that she saw.,8.666332,that
It is [MASK] that she saw.,4.514027,that
It is [MASK] that she saw.,7.4109163,that
It is [MASK] that she saw.,3.8761353,that
It is [MASK] that she saw.,11.19741,that
It is [MASK] that she saw.,14.901601,that
It is [MASK] that she saw.,10.616208,that
It is [MASK] that she saw.,6.858465,that
It is [MASK] that she sent.,6.977671,that
It is [MASK] that she sent.,1.7965969,that
It is [MASK] that she sent.,7.3036346,that
It is [MASK] that she sent.,4.1519423,that
It is [MASK] that she sent.,8.976518,that
It is [MASK] that she sent.,14.4848175,that
It is [MASK] that she sent.,10.434108,that
It is [MASK] that she sent.,5.894776,that
It is [MASK] that she stroke.,11.697267,that
It is [MASK] that she stroke.,6.9766564,that
It is [MASK] that she stroke.,9.152413,that
It is [MASK] that she stroke.,6.8173313,that
It is [MASK] that she stroke.,12.243088,that
It is [MASK] that she stroke.,15.821305,that
It is [MASK] that she stroke.,11.686955,that
It is [MASK] that she stroke.,8.64709,that
It is [MASK] that she taught.,7.638094,that
It is [MASK] that she taught.,4.3470926,that
It is [MASK] that she taught.,7.6373296,that
It is [MASK] that she taught.,6.5715075,that
It is [MASK] that she taught.,8.207256,that
It is [MASK] that she taught.,14.995392,that
It is [MASK] that she taught.,9.904151,that
It is [MASK] that she taught.,7.452048,that
It is [MASK] that she told.,8.867554,that
It is [MASK] that she told.,4.6940475,that
It is [MASK] that she told.,7.889306,that
It is [MASK] that she told.,5.6870537,that
It is [MASK] that she told.,8.927096,that
It is [MASK] that she told.,15.36156,that
It is [MASK] that she told.,9.282781,that
It is [MASK] that she told.,6.0532503,that
It is [MASK] that she trusted.,7.9453845,that
It is [MASK] that she trusted.,3.7756503,that
It is [MASK] that she trusted.,6.7296906,that
It is [MASK] that she trusted.,2.2029462,that
It is [MASK] that she trusted.,9.882556,that
It is [MASK] that she trusted.,16.949738,that
It is [MASK] that she trusted.,8.787928,that
It is [MASK] that she trusted.,3.4358308,that
It is [MASK] that she valued.,9.472766,that
It is [MASK] that she valued.,4.6659274,that
It is [MASK] that she valued.,7.839628,that
It is [MASK] that she valued.,4.1798844,that
It is [MASK] that she valued.,12.098286,that
It is [MASK] that she valued.,18.00854,that
It is [MASK] that she valued.,11.412581,that
It is [MASK] that she valued.,6.172381,that
It is [MASK] that she wanted.,7.9290643,that
It is [MASK] that she wanted.,2.8946726,that
It is [MASK] that she wanted.,8.380672,that
It is [MASK] that she wanted.,3.406001,that
It is [MASK] that she wanted.,10.88873,that
It is [MASK] that she wanted.,16.680262,that
It is [MASK] that she wanted.,12.114492,that
It is [MASK] that she wanted.,6.3157454,that
It is [MASK] that stroke her.,10.739585,that
It is [MASK] that stroke her.,7.7298627,that
It is [MASK] that stroke her.,6.7814384,that
It is [MASK] that stroke her.,8.638024,that
It is [MASK] that stroke her.,9.645494,that
It is [MASK] that stroke her.,16.156368,that
It is [MASK] that stroke her.,4.8948927,that
It is [MASK] that stroke her.,9.517348,that
It is [MASK] that stroke him.,6.953679,that
It is [MASK] that stroke him.,9.799626,that
It is [MASK] that taught her.,7.5715914,that
It is [MASK] that taught her.,3.0610793,that
It is [MASK] that taught her.,7.5916963,that
It is [MASK] that taught her.,4.4967003,that
It is [MASK] that taught her.,8.397765,that
It is [MASK] that taught her.,16.250187,that
It is [MASK] that taught her.,7.8313837,that
It is [MASK] that taught her.,4.017793,that
It is [MASK] that taught him.,4.760417,that
It is [MASK] that taught him.,4.9669075,that
It is [MASK] that told her.,9.623838,that
It is [MASK] that told her.,3.4747856,that
It is [MASK] that told her.,8.0782,that
It is [MASK] that told her.,4.255976,that
It is [MASK] that told her.,10.070677,that
It is [MASK] that told her.,15.231476,that
It is [MASK] that told her.,8.341158,that
It is [MASK] that told her.,3.7224522,that
It is [MASK] that told him.,4.466286,that
It is [MASK] that told him.,4.073735,that
It is [MASK] that trusted her.,6.488405,that
It is [MASK] that trusted her.,2.847469,that
It is [MASK] that trusted her.,5.769345,that
It is [MASK] that trusted her.,4.666931,that
It is [MASK] that trusted her.,6.265554,that
It is [MASK] that trusted her.,16.397963,that
It is [MASK] that trusted her.,5.332178,that
It is [MASK] that trusted her.,3.4526985,that
It is [MASK] that trusted him.,5.7894955,that
It is [MASK] that trusted him.,4.6492434,that
It is [MASK] that valued her.,7.227688,that
It is [MASK] that valued her.,3.496072,that
It is [MASK] that valued her.,6.0098104,that
It is [MASK] that valued her.,4.012636,that
It is [MASK] that valued her.,7.1046023,that
It is [MASK] that valued her.,17.444843,that
It is [MASK] that valued her.,5.674739,that
It is [MASK] that valued her.,2.637833,that
It is [MASK] that valued him.,5.10839,that
It is [MASK] that valued him.,4.1096,that
It is [MASK] that wanted her.,7.248701,that
It is [MASK] that wanted her.,3.017475,that
It is [MASK] that wanted her.,5.7640753,that
It is [MASK] that wanted her.,2.6914911,that
It is [MASK] that wanted her.,9.465639,that
It is [MASK] that wanted her.,16.112766,that
It is [MASK] that wanted her.,7.631216,that
It is [MASK] that wanted her.,3.5908499,that
It is [MASK] that wanted him.,3.5344121,that
It is [MASK] that wanted him.,4.277791,that
It was [MASK] that admired her.,11.237424,that
It was [MASK] that admired her.,3.5017712,that
It was [MASK] that admired her.,7.5542684,that
It was [MASK] that admired her.,2.2790384,that
It was [MASK] that admired her.,13.381596,that
It was [MASK] that admired her.,18.206156,that
It was [MASK] that admired her.,9.782047,that
It was [MASK] that admired her.,3.4007018,that
It was [MASK] that admired him.,2.6151872,that
It was [MASK] that admired him.,2.8236833,that
It was [MASK] that advised her.,10.909344,that
It was [MASK] that advised her.,4.405525,that
It was [MASK] that advised her.,8.387925,that
It was [MASK] that advised her.,4.3836846,that
It was [MASK] that advised her.,12.423758,that
It was [MASK] that advised her.,16.210331,that
It was [MASK] that advised her.,9.549619,that
It was [MASK] that advised her.,3.8633933,that
It was [MASK] that advised him.,4.627914,that
It was [MASK] that advised him.,4.264951,that
It was [MASK] that avoided her.,8.209048,that
It was [MASK] that avoided her.,3.8097649,that
It was [MASK] that avoided her.,5.4266605,that
It was [MASK] that avoided her.,3.111794,that
It was [MASK] that avoided her.,10.063102,that
It was [MASK] that avoided her.,17.094316,that
It was [MASK] that avoided her.,6.4872036,that
It was [MASK] that avoided her.,3.212884,that
It was [MASK] that avoided him.,3.9318478,that
It was [MASK] that avoided him.,3.4566953,that
It was [MASK] that called her.,9.753508,that
It was [MASK] that called her.,3.621859,that
It was [MASK] that called her.,6.2039433,that
It was [MASK] that called her.,2.6157587,that
It was [MASK] that called her.,13.517783,that
It was [MASK] that called her.,14.939941,that
It was [MASK] that called her.,9.749482,that
It was [MASK] that called her.,5.6292715,that
It was [MASK] that called him.,2.8308017,that
It was [MASK] that called him.,5.2376785,that
It was [MASK] that drew her.,12.8343115,that
It was [MASK] that drew her.,6.016395,that
It was [MASK] that drew her.,7.75361,that
It was [MASK] that drew her.,2.1312637,that
It was [MASK] that drew her.,16.845219,that
It was [MASK] that drew her.,16.793926,that
It was [MASK] that drew her.,11.466601,that
It was [MASK] that drew her.,5.168274,that
It was [MASK] that drew him.,1.7736676,that
It was [MASK] that drew him.,4.508309,that
It was [MASK] that feared her.,9.572054,that
It was [MASK] that feared her.,4.5327954,that
It was [MASK] that feared her.,4.5071735,that
It was [MASK] that feared her.,2.688168,that
It was [MASK] that feared her.,13.608316,that
It was [MASK] that feared her.,17.220001,that
It was [MASK] that feared her.,7.5742764,that
It was [MASK] that feared her.,4.7553253,that
It was [MASK] that feared him.,2.590886,that
It was [MASK] that feared him.,4.337,that
It was [MASK] that found her.,9.624644,that
It was [MASK] that found her.,3.8294506,that
It was [MASK] that found her.,7.908215,that
It was [MASK] that found her.,3.9233902,that
It was [MASK] that found her.,13.306444,that
It was [MASK] that found her.,16.166662,that
It was [MASK] that found her.,10.67399,that
It was [MASK] that found her.,6.060847,that
It was [MASK] that found him.,3.6039588,that
It was [MASK] that found him.,5.492294,that
It was [MASK] that greeted her.,12.355873,that
It was [MASK] that greeted her.,6.3031545,that
It was [MASK] that greeted her.,9.423865,that
It was [MASK] that greeted her.,4.396662,that
It was [MASK] that greeted her.,16.46335,that
It was [MASK] that greeted her.,15.897313,that
It was [MASK] that greeted her.,12.607183,that
It was [MASK] that greeted her.,6.021377,that
It was [MASK] that greeted him.,3.976104,that
It was [MASK] that greeted him.,5.4936776,that
It was [MASK] that hate her.,8.50796,that
It was [MASK] that hate her.,2.5341098,that
It was [MASK] that hate her.,10.26648,that
It was [MASK] that hate her.,4.14089,that
It was [MASK] that hates her.,2.0214193,that
It was [MASK] that hates her.,4.011144,that
It was [MASK] that hates her.,15.640823,that
It was [MASK] that hates her.,5.291029,that
It was [MASK] that hates him.,4.074847,that
It was [MASK] that hates him.,4.354393,that
It was [MASK] that he admired.,2.2600033,that
It was [MASK] that he admired.,5.3179197,that
It was [MASK] that he advised.,3.470586,that
It was [MASK] that he advised.,5.844561,that
It was [MASK] that he avoided.,5.2058887,that
It was [MASK] that he avoided.,8.48268,that
It was [MASK] that he called.,6.4970374,that
It was [MASK] that he called.,10.607576,that
It was [MASK] that he drew.,4.717786,that
It was [MASK] that he drew.,8.7661,that
It was [MASK] that he feared.,2.179289,that
It was [MASK] that he feared.,5.3148165,that
It was [MASK] that he found.,4.2506866,that
It was [MASK] that he found.,7.7113066,that
It was [MASK] that he greeted.,2.8859353,that
It was [MASK] that he greeted.,5.5734205,that
It was [MASK] that he hates.,4.0663285,that
It was [MASK] that he hates.,7.466223,that
It was [MASK] that he heard.,3.7139308,that
It was [MASK] that he heard.,7.3428125,that
It was [MASK] that he hit.,3.2062912,that
It was [MASK] that he hit.,9.395996,that
It was [MASK] that he hurt.,5.138485,that
It was [MASK] that he hurt.,11.253019,that
It was [MASK] that he injured.,4.0197263,that
It was [MASK] that he injured.,9.1243925,that
It was [MASK] that he likes.,4.571499,that
It was [MASK] that he likes.,7.9307466,that
It was [MASK] that he loves.,2.5577753,that
It was [MASK] that he loves.,6.2192097,that
It was [MASK] that he missed.,2.6972122,that
It was [MASK] that he missed.,6.881965,that
It was [MASK] that he needed.,3.928877,that
It was [MASK] that he needed.,8.051566,that
It was [MASK] that he noticed.,4.7304296,that
It was [MASK] that he noticed.,8.105324,that
It was [MASK] that he painted.,4.1671257,that
It was [MASK] that he painted.,8.845673,that
It was [MASK] that he praised.,2.8405645,that
It was [MASK] that he praised.,4.5862975,that
It was [MASK] that he pressed.,5.455497,that
It was [MASK] that he pressed.,8.951565,that
It was [MASK] that he pulled.,3.615655,that
It was [MASK] that he pulled.,8.391358,that
It was [MASK] that he pushed.,4.1154876,that
It was [MASK] that he pushed.,8.555294,that
It was [MASK] that he respected.,2.7185123,that
It was [MASK] that he respected.,5.4373207,that
It was [MASK] that he saw.,2.7247813,that
It was [MASK] that he saw.,6.2933846,that
It was [MASK] that he sent.,2.9336507,that
It was [MASK] that he sent.,5.9305696,that
It was [MASK] that he stroke.,6.4100876,that
It was [MASK] that he stroke.,9.946937,that
It was [MASK] that he taught.,5.738749,that
It was [MASK] that he taught.,8.066398,that
It was [MASK] that he told.,4.25922,that
It was [MASK] that he told.,5.5579796,that
It was [MASK] that he trusted.,3.2755399,that
It was [MASK] that he trusted.,4.339529,that
It was [MASK] that he valued.,2.627181,that
It was [MASK] that he valued.,6.18608,that
It was [MASK] that he wanted.,2.0783975,that
It was [MASK] that he wanted.,6.6201606,that
It was [MASK] that heard her.,9.842739,that
It was [MASK] that heard her.,4.0989256,that
It was [MASK] that heard her.,7.2538266,that
It was [MASK] that heard her.,3.9395504,that
It was [MASK] that heard her.,12.808063,that
It was [MASK] that heard her.,15.868515,that
It was [MASK] that heard her.,9.705762,that
It was [MASK] that heard her.,4.825579,that
It was [MASK] that heard him.,4.21578,that
It was [MASK] that heard him.,4.8639326,that
It was [MASK] that hit her.,10.865098,that
It was [MASK] that hit her.,3.5321453,that
It was [MASK] that hit her.,7.8221536,that
It was [MASK] that hit her.,3.256453,that
It was [MASK] that hit her.,16.21264,that
It was [MASK] that hit her.,15.535879,that
It was [MASK] that hit her.,13.108847,that
It was [MASK] that hit her.,7.63211,that
It was [MASK] that hit him.,2.917415,that
It was [MASK] that hit him.,6.3158326,that
It was [MASK] that hurt her.,10.935514,that
It was [MASK] that hurt her.,2.9605315,that
It was [MASK] that hurt her.,7.7931395,that
It was [MASK] that hurt her.,2.0873652,that
It was [MASK] that hurt her.,14.876078,that
It was [MASK] that hurt her.,16.282204,that
It was [MASK] that hurt her.,11.793849,that
It was [MASK] that hurt her.,5.64873,that
It was [MASK] that hurt him.,2.148695,that
It was [MASK] that hurt him.,5.5204196,that
It was [MASK] that injured her.,11.01874,that
It was [MASK] that injured her.,3.0856607,that
It was [MASK] that injured her.,8.088044,that
It was [MASK] that injured her.,2.9902837,that
It was [MASK] that injured her.,14.318074,that
It was [MASK] that injured her.,16.124819,that
It was [MASK] that injured her.,11.204358,that
It was [MASK] that injured her.,5.0919514,that
It was [MASK] that injured him.,2.9641042,that
It was [MASK] that injured him.,5.2169785,that
It was [MASK] that like her.,16.20486,that
It was [MASK] that like her.,15.248274,that
It was [MASK] that like her.,15.057267,that
It was [MASK] that like her.,15.198602,that
It was [MASK] that likes her.,2.8042293,that
It was [MASK] that likes her.,3.0729523,that
It was [MASK] that likes her.,15.917055,that
It was [MASK] that likes her.,4.569017,that
It was [MASK] that likes him.,3.2570024,that
It was [MASK] that likes him.,3.8027225,that
It was [MASK] that love her.,7.4062085,that
It was [MASK] that love her.,3.0883865,that
It was [MASK] that love her.,7.4761333,that
It was [MASK] that love her.,3.5402207,that
It was [MASK] that loves her.,2.6227455,that
It was [MASK] that loves her.,3.2780464,that
It was [MASK] that loves her.,15.606288,that
It was [MASK] that loves her.,3.762496,that
It was [MASK] that loves him.,3.727147,that
It was [MASK] that loves him.,3.5800426,that
It was [MASK] that missed her.,8.279871,that
It was [MASK] that missed her.,2.1113923,that
It was [MASK] that missed her.,6.9092607,that
It was [MASK] that missed her.,2.8457036,that
It was [MASK] that missed her.,11.272094,that
It was [MASK] that missed her.,15.826616,that
It was [MASK] that missed her.,10.263985,that
It was [MASK] that missed her.,5.3135905,that
It was [MASK] that missed him.,3.388786,that
It was [MASK] that missed him.,5.072401,that
It was [MASK] that needed her.,7.0588584,that
It was [MASK] that needed her.,3.721047,that
It was [MASK] that needed her.,5.5430555,that
It was [MASK] that needed her.,3.2330587,that
It was [MASK] that needed her.,10.392784,that
It was [MASK] that needed her.,16.84894,that
It was [MASK] that needed her.,8.533586,that
It was [MASK] that needed her.,5.115544,that
It was [MASK] that needed him.,2.845757,that
It was [MASK] that needed him.,4.797093,that
It was [MASK] that noticed her.,10.436035,that
It was [MASK] that noticed her.,4.8169785,that
It was [MASK] that noticed her.,8.183209,that
It was [MASK] that noticed her.,4.4827924,that
It was [MASK] that noticed her.,13.42225,that
It was [MASK] that noticed her.,16.362295,that
It was [MASK] that noticed her.,10.692992,that
It was [MASK] that noticed her.,5.6494026,that
It was [MASK] that noticed him.,4.3584824,that
It was [MASK] that noticed him.,5.053669,that
It was [MASK] that painted her.,10.756391,that
It was [MASK] that painted her.,4.7345643,that
It was [MASK] that painted her.,7.276129,that
It was [MASK] that painted her.,4.044224,that
It was [MASK] that painted her.,14.246402,that
It was [MASK] that painted her.,17.11873,that
It was [MASK] that painted her.,9.646917,that
It was [MASK] that painted her.,6.1805363,that
It was [MASK] that painted him.,3.4540563,that
It was [MASK] that painted him.,5.640499,that
It was [MASK] that praised her.,10.087206,that
It was [MASK] that praised her.,3.7632866,that
It was [MASK] that praised her.,6.6906095,that
It was [MASK] that praised her.,3.2747135,that
It was [MASK] that praised her.,11.158013,that
It was [MASK] that praised her.,17.446533,that
It was [MASK] that praised her.,7.6095233,that
It was [MASK] that praised her.,3.7301674,that
It was [MASK] that praised him.,3.961028,that
It was [MASK] that praised him.,3.8350873,that
It was [MASK] that pressed her.,12.677736,that
It was [MASK] that pressed her.,5.5805144,that
It was [MASK] that pressed her.,8.651777,that
It was [MASK] that pressed her.,3.5090368,that
It was [MASK] that pressed her.,16.941414,that
It was [MASK] that pressed her.,17.024534,that
It was [MASK] that pressed her.,12.303877,that
It was [MASK] that pressed her.,6.121701,that
It was [MASK] that pressed him.,2.931932,that
It was [MASK] that pressed him.,5.298008,that
It was [MASK] that pulled her.,11.242131,that
It was [MASK] that pulled her.,4.258834,that
It was [MASK] that pulled her.,8.128225,that
It was [MASK] that pulled her.,2.811227,that
It was [MASK] that pulled her.,15.390922,that
It was [MASK] that pulled her.,16.498394,that
It was [MASK] that pulled her.,11.354627,that
It was [MASK] that pulled her.,5.7948246,that
It was [MASK] that pulled him.,2.4272258,that
It was [MASK] that pulled him.,5.072731,that
It was [MASK] that pushed her.,10.695332,that
It was [MASK] that pushed her.,3.7197874,that
It was [MASK] that pushed her.,7.671671,that
It was [MASK] that pushed her.,2.7754388,that
It was [MASK] that pushed her.,14.6835985,that
It was [MASK] that pushed her.,16.736498,that
It was [MASK] that pushed her.,10.78266,that
It was [MASK] that pushed her.,5.111373,that
It was [MASK] that pushed him.,2.306108,that
It was [MASK] that pushed him.,4.2990932,that
It was [MASK] that respected her.,8.833357,that
It was [MASK] that respected her.,4.0103383,that
It was [MASK] that respected her.,4.779133,that
It was [MASK] that respected her.,2.5395417,that
It was [MASK] that respected her.,11.672225,that
It was [MASK] that respected her.,17.991283,that
It was [MASK] that respected her.,7.2347045,that
It was [MASK] that respected her.,4.2354445,that
It was [MASK] that respected him.,3.022001,that
It was [MASK] that respected him.,3.9545965,that
It was [MASK] that saw her.,9.137437,that
It was [MASK] that saw her.,3.331503,that
It was [MASK] that saw her.,6.788235,that
It was [MASK] that saw her.,3.2966533,that
It was [MASK] that saw her.,12.608696,that
It was [MASK] that saw her.,16.577152,that
It was [MASK] that saw her.,9.842029,that
It was [MASK] that saw her.,4.9892454,that
It was [MASK] that saw him.,3.4702415,that
It was [MASK] that saw him.,4.7036777,that
It was [MASK] that sent her.,9.953001,that
It was [MASK] that sent her.,3.093176,that
It was [MASK] that sent her.,8.390949,that
It was [MASK] that sent her.,3.4041975,that
It was [MASK] that sent her.,13.233205,that
It was [MASK] that sent her.,14.871991,that
It was [MASK] that sent her.,10.932415,that
It was [MASK] that sent her.,4.742099,that
It was [MASK] that sent him.,3.3871403,that
It was [MASK] that sent him.,4.7492023,that
It was [MASK] that she admired.,12.576469,that
It was [MASK] that she admired.,6.2994895,that
It was [MASK] that she admired.,7.5190306,that
It was [MASK] that she admired.,1.7543739,that
It was [MASK] that she admired.,16.218395,that
It was [MASK] that she admired.,18.203009,that
It was [MASK] that she admired.,11.767549,that
It was [MASK] that she admired.,4.5994487,that
It was [MASK] that she advised.,8.81151,that
It was [MASK] that she advised.,2.6621022,that
It was [MASK] that she advised.,6.2327766,that
It was [MASK] that she advised.,2.5741715,that
It was [MASK] that she advised.,11.597662,that
It was [MASK] that she advised.,16.390385,that
It was [MASK] that she advised.,10.062925,that
It was [MASK] that she advised.,4.8306727,that
It was [MASK] that she avoided.,11.63286,that
It was [MASK] that she avoided.,5.992464,that
It was [MASK] that she avoided.,7.6969347,that
It was [MASK] that she avoided.,4.172665,that
It was [MASK] that she avoided.,14.112133,that
It was [MASK] that she avoided.,17.285307,that
It was [MASK] that she avoided.,11.019787,that
It was [MASK] that she avoided.,7.152229,that
It was [MASK] that she called.,13.9101515,that
It was [MASK] that she called.,8.314929,that
It was [MASK] that she called.,11.315426,that
It was [MASK] that she called.,8.599074,that
It was [MASK] that she called.,16.453392,that
It was [MASK] that she called.,18.980074,that
It was [MASK] that she called.,15.642691,that
It was [MASK] that she called.,11.450628,that
It was [MASK] that she drew.,10.249722,that
It was [MASK] that she drew.,4.8535137,that
It was [MASK] that she drew.,7.7274065,that
It was [MASK] that she drew.,4.061435,that
It was [MASK] that she drew.,12.45387,that
It was [MASK] that she drew.,15.954736,that
It was [MASK] that she drew.,11.372631,that
It was [MASK] that she drew.,7.313047,that
It was [MASK] that she feared.,11.1602745,that
It was [MASK] that she feared.,6.107158,that
It was [MASK] that she feared.,6.5665965,that
It was [MASK] that she feared.,1.5051775,that
It was [MASK] that she feared.,16.09211,that
It was [MASK] that she feared.,16.991766,that
It was [MASK] that she feared.,10.777742,that
It was [MASK] that she feared.,4.9011292,that
It was [MASK] that she found.,11.187616,that
It was [MASK] that she found.,6.70063,that
It was [MASK] that she found.,6.7114277,that
It was [MASK] that she found.,4.157385,that
It was [MASK] that she found.,14.568875,that
It was [MASK] that she found.,15.01312,that
It was [MASK] that she found.,10.820648,that
It was [MASK] that she found.,7.3730645,that
It was [MASK] that she greeted.,8.697861,that
It was [MASK] that she greeted.,3.5631557,that
It was [MASK] that she greeted.,7.413848,that
It was [MASK] that she greeted.,2.8413932,that
It was [MASK] that she greeted.,11.701625,that
It was [MASK] that she greeted.,15.742739,that
It was [MASK] that she greeted.,10.675576,that
It was [MASK] that she greeted.,5.279035,that
It was [MASK] that she hates.,7.0990043,that
It was [MASK] that she hates.,1.8094034,that
It was [MASK] that she hates.,7.689025,that
It was [MASK] that she hates.,3.5509677,that
It was [MASK] that she hates.,11.150595,that
It was [MASK] that she hates.,15.823641,that
It was [MASK] that she hates.,11.842028,that
It was [MASK] that she hates.,7.0512214,that
It was [MASK] that she heard.,12.131666,that
It was [MASK] that she heard.,6.229342,that
It was [MASK] that she heard.,7.587373,that
It was [MASK] that she heard.,3.5476296,that
It was [MASK] that she heard.,16.470098,that
It was [MASK] that she heard.,15.72937,that
It was [MASK] that she heard.,11.831596,that
It was [MASK] that she heard.,7.36469,that
It was [MASK] that she hit.,8.565784,that
It was [MASK] that she hit.,3.7991538,that
It was [MASK] that she hit.,6.579567,that
It was [MASK] that she hit.,2.102664,that
It was [MASK] that she hit.,13.888643,that
It was [MASK] that she hit.,15.682479,that
It was [MASK] that she hit.,12.782476,that
It was [MASK] that she hit.,8.270281,that
It was [MASK] that she hurt.,13.400665,that
It was [MASK] that she hurt.,7.7504845,that
It was [MASK] that she hurt.,10.42583,that
It was [MASK] that she hurt.,5.479087,that
It was [MASK] that she hurt.,16.81057,that
It was [MASK] that she hurt.,16.447786,that
It was [MASK] that she hurt.,15.482185,that
It was [MASK] that she hurt.,10.8307495,that
It was [MASK] that she injured.,10.217843,that
It was [MASK] that she injured.,4.851477,that
It was [MASK] that she injured.,7.2409277,that
It was [MASK] that she injured.,3.9296608,that
It was [MASK] that she injured.,12.314962,that
It was [MASK] that she injured.,17.05525,that
It was [MASK] that she injured.,11.260456,that
It was [MASK] that she injured.,8.046497,that
It was [MASK] that she likes.,9.10011,that
It was [MASK] that she likes.,2.9921954,that
It was [MASK] that she likes.,8.704733,that
It was [MASK] that she likes.,4.4942703,that
It was [MASK] that she likes.,11.788646,that
It was [MASK] that she likes.,15.843502,that
It was [MASK] that she likes.,12.789266,that
It was [MASK] that she likes.,7.374788,that
It was [MASK] that she loves.,7.0606203,that
It was [MASK] that she loves.,2.3753312,that
It was [MASK] that she loves.,7.769505,that
It was [MASK] that she loves.,2.8505473,that
It was [MASK] that she loves.,10.900037,that
It was [MASK] that she loves.,16.067944,that
It was [MASK] that she loves.,11.936931,that
It was [MASK] that she loves.,5.948944,that
It was [MASK] that she missed.,11.809684,that
It was [MASK] that she missed.,5.747847,that
It was [MASK] that she missed.,7.8783455,that
It was [MASK] that she missed.,2.584166,that
It was [MASK] that she missed.,15.526949,that
It was [MASK] that she missed.,16.792992,that
It was [MASK] that she missed.,12.103975,that
It was [MASK] that she missed.,6.73459,that
It was [MASK] that she needed.,11.412467,that
It was [MASK] that she needed.,5.6279335,that
It was [MASK] that she needed.,9.642601,that
It was [MASK] that she needed.,3.290716,that
It was [MASK] that she needed.,14.941324,that
It was [MASK] that she needed.,18.905737,that
It was [MASK] that she needed.,14.008544,that
It was [MASK] that she needed.,7.288586,that
It was [MASK] that she noticed.,13.038389,that
It was [MASK] that she noticed.,6.7827086,that
It was [MASK] that she noticed.,9.327206,that
It was [MASK] that she noticed.,3.9815543,that
It was [MASK] that she noticed.,16.927069,that
It was [MASK] that she noticed.,16.97378,that
It was [MASK] that she noticed.,13.811581,that
It was [MASK] that she noticed.,7.60625,that
It was [MASK] that she painted.,8.253448,that
It was [MASK] that she painted.,3.8873928,that
It was [MASK] that she painted.,6.5039787,that
It was [MASK] that she painted.,4.565389,that
It was [MASK] that she painted.,11.398253,that
It was [MASK] that she painted.,15.3136215,that
It was [MASK] that she painted.,10.952311,that
It was [MASK] that she painted.,8.651131,that
It was [MASK] that she praised.,9.9014225,that
It was [MASK] that she praised.,3.7444518,that
It was [MASK] that she praised.,6.648385,that
It was [MASK] that she praised.,2.3466227,that
It was [MASK] that she praised.,12.3268585,that
It was [MASK] that she praised.,16.833982,that
It was [MASK] that she praised.,9.56957,that
It was [MASK] that she praised.,4.2031364,that
It was [MASK] that she pressed.,13.434797,that
It was [MASK] that she pressed.,7.2746124,that
It was [MASK] that she pressed.,10.482342,that
It was [MASK] that she pressed.,6.619402,that
It was [MASK] that she pressed.,16.36488,that
It was [MASK] that she pressed.,16.873056,that
It was [MASK] that she pressed.,14.272042,that
It was [MASK] that she pressed.,9.116011,that
It was [MASK] that she pulled.,10.515941,that
It was [MASK] that she pulled.,3.8456144,that
It was [MASK] that she pulled.,8.310602,that
It was [MASK] that she pulled.,3.4941092,that
It was [MASK] that she pulled.,14.614467,that
It was [MASK] that she pulled.,16.344318,that
It was [MASK] that she pulled.,13.109507,that
It was [MASK] that she pulled.,7.9394784,that
It was [MASK] that she pushed.,11.16426,that
It was [MASK] that she pushed.,4.479729,that
It was [MASK] that she pushed.,8.368611,that
It was [MASK] that she pushed.,3.9843743,that
It was [MASK] that she pushed.,13.804834,that
It was [MASK] that she pushed.,17.071568,that
It was [MASK] that she pushed.,12.845996,that
It was [MASK] that she pushed.,7.82769,that
It was [MASK] that she respected.,11.411529,that
It was [MASK] that she respected.,6.1839747,that
It was [MASK] that she respected.,7.3682966,that
It was [MASK] that she respected.,2.09423,that
It was [MASK] that she respected.,14.831609,that
It was [MASK] that she respected.,18.807953,that
It was [MASK] that she respected.,10.867387,that
It was [MASK] that she respected.,4.4538884,that
It was [MASK] that she saw.,10.757692,that
It was [MASK] that she saw.,5.411152,that
It was [MASK] that she saw.,6.550666,that
It was [MASK] that she saw.,2.2426252,that
It was [MASK] that she saw.,14.94741,that
It was [MASK] that she saw.,15.297454,that
It was [MASK] that she saw.,11.085674,that
It was [MASK] that she saw.,6.4171906,that
It was [MASK] that she sent.,9.303399,that
It was [MASK] that she sent.,3.1942232,that
It was [MASK] that she sent.,6.597083,that
It was [MASK] that she sent.,2.83527,that
It was [MASK] that she sent.,13.110293,that
It was [MASK] that she sent.,13.641728,that
It was [MASK] that she sent.,10.986443,that
It was [MASK] that she sent.,5.7733955,that
It was [MASK] that she stroke.,13.442484,that
It was [MASK] that she stroke.,8.253651,that
It was [MASK] that she stroke.,9.361931,that
It was [MASK] that she stroke.,5.636159,that
It was [MASK] that she stroke.,15.232352,that
It was [MASK] that she stroke.,17.209377,that
It was [MASK] that she stroke.,13.254115,that
It was [MASK] that she stroke.,8.862901,that
It was [MASK] that she taught.,8.684893,that
It was [MASK] that she taught.,4.8365912,that
It was [MASK] that she taught.,6.6211047,that
It was [MASK] that she taught.,5.389211,that
It was [MASK] that she taught.,9.501916,that
It was [MASK] that she taught.,15.450509,that
It was [MASK] that she taught.,9.190223,that
It was [MASK] that she taught.,6.744697,that
It was [MASK] that she told.,9.413892,that
It was [MASK] that she told.,3.558289,that
It was [MASK] that she told.,6.3067265,that
It was [MASK] that she told.,3.722957,that
It was [MASK] that she told.,10.460541,that
It was [MASK] that she told.,16.441233,that
It was [MASK] that she told.,8.808616,that
It was [MASK] that she told.,5.159765,that
It was [MASK] that she trusted.,11.899187,that
It was [MASK] that she trusted.,6.840544,that
It was [MASK] that she trusted.,7.348903,that
It was [MASK] that she trusted.,2.2129486,that
It was [MASK] that she trusted.,14.45934,that
It was [MASK] that she trusted.,17.721642,that
It was [MASK] that she trusted.,9.771447,that
It was [MASK] that she trusted.,3.570413,that
It was [MASK] that she valued.,13.2144375,that
It was [MASK] that she valued.,7.0143323,that
It was [MASK] that she valued.,8.279991,that
It was [MASK] that she valued.,3.180956,that
It was [MASK] that she valued.,16.714783,that
It was [MASK] that she valued.,20.220087,that
It was [MASK] that she valued.,12.868615,that
It was [MASK] that she valued.,6.100052,that
It was [MASK] that she wanted.,10.646385,that
It was [MASK] that she wanted.,4.1749444,that
It was [MASK] that she wanted.,8.881943,that
It was [MASK] that she wanted.,2.118268,that
It was [MASK] that she wanted.,14.898924,that
It was [MASK] that she wanted.,17.935587,that
It was [MASK] that she wanted.,13.671045,that
It was [MASK] that she wanted.,6.393173,that
It was [MASK] that stroke her.,12.935173,that
It was [MASK] that stroke her.,8.299533,that
It was [MASK] that stroke her.,7.152259,that
It was [MASK] that stroke her.,5.7544765,that
It was [MASK] that stroke her.,12.959476,that
It was [MASK] that stroke her.,14.813338,that
It was [MASK] that stroke her.,6.85989,that
It was [MASK] that stroke her.,8.120545,that
It was [MASK] that stroke him.,4.721051,that
It was [MASK] that stroke him.,8.742725,that
It was [MASK] that taught her.,9.162863,that
It was [MASK] that taught her.,3.3653586,that
It was [MASK] that taught her.,7.4837775,that
It was [MASK] that taught her.,3.605073,that
It was [MASK] that taught her.,11.59008,that
It was [MASK] that taught her.,16.754574,that
It was [MASK] that taught her.,9.5264435,that
It was [MASK] that taught her.,4.9223533,that
It was [MASK] that taught him.,3.6586204,that
It was [MASK] that taught him.,5.2353244,that
It was [MASK] that told her.,11.204593,that
It was [MASK] that told her.,3.7565176,that
It was [MASK] that told her.,8.055782,that
It was [MASK] that told her.,3.1176543,that
It was [MASK] that told her.,14.496188,that
It was [MASK] that told her.,16.143728,that
It was [MASK] that told her.,11.19402,that
It was [MASK] that told her.,5.3811545,that
It was [MASK] that told him.,2.890119,that
It was [MASK] that told him.,4.8584065,that
It was [MASK] that trusted her.,8.353685,that
It was [MASK] that trusted her.,3.440291,that
It was [MASK] that trusted her.,5.948564,that
It was [MASK] that trusted her.,3.288966,that
It was [MASK] that trusted her.,10.615897,that
It was [MASK] that trusted her.,16.880793,that
It was [MASK] that trusted her.,7.6901026,that
It was [MASK] that trusted her.,3.9654982,that
It was [MASK] that trusted him.,3.4647865,that
It was [MASK] that trusted him.,3.7299602,that
It was [MASK] that valued her.,9.623769,that
It was [MASK] that valued her.,3.9415786,that
It was [MASK] that valued her.,7.197953,that
It was [MASK] that valued her.,2.4981215,that
It was [MASK] that valued her.,12.5013275,that
It was [MASK] that valued her.,18.07783,that
It was [MASK] that valued her.,9.292531,that
It was [MASK] that valued her.,3.203207,that
It was [MASK] that valued him.,2.5859694,that
It was [MASK] that valued him.,3.5208433,that
It was [MASK] that wanted her.,10.185343,that
It was [MASK] that wanted her.,3.5933735,that
It was [MASK] that wanted her.,7.1674194,that
It was [MASK] that wanted her.,1.5836264,that
It was [MASK] that wanted her.,15.2202835,that
It was [MASK] that wanted her.,16.998388,that
It was [MASK] that wanted her.,11.542944,that
It was [MASK] that wanted her.,4.837293,that
It was [MASK] that wanted him.,1.8347617,that
It was [MASK] that wanted him.,4.6017466,that